,Age,Hours per day,While working,Instrumentalist,Composer,Exploratory,Foreign languages,BPM,Frequency [Classical],Frequency [Country],Frequency [EDM],Frequency [Folk],Frequency [Gospel],Frequency [Hip hop],Frequency [Jazz],Frequency [K pop],Frequency [Latin],Frequency [Lofi],Frequency [Metal],Frequency [Pop],Frequency [R&B],Frequency [Rap],Frequency [Rock],Frequency [Video game music],Anxiety,Depression,Insomnia,OCD,Music effects,Fav genre_Classical,Fav genre_Country,Fav genre_EDM,Fav genre_Folk,Fav genre_Gospel,Fav genre_Hip hop,Fav genre_Jazz,Fav genre_K pop,Fav genre_Latin,Fav genre_Lofi,Fav genre_Metal,Fav genre_Pop,Fav genre_R&B,Fav genre_Rap,Fav genre_Rock,Fav genre_Video game music,Primary streaming service_Apple Music,Primary streaming service_No service,Primary streaming service_Other,Primary streaming service_Pandora,Primary streaming service_Spotify,Primary streaming service_YouTube Music
0,2,1,1,1,1,1,1,0,1,0,1,0,0,2,0,3,3,1,0,3,2,3,0,2,3,0,1,0,0,0,0,0,0,0,0,0,0,1,0,0,0,0,0,0,0,0,0,0,0,1,0
1,7,0,1,0,0,1,0,0,2,0,0,1,2,1,3,1,2,1,0,2,2,1,3,1,7,2,2,1,0,0,0,0,0,0,0,0,0,0,0,0,0,0,0,1,0,0,0,0,1,0,0
2,2,1,0,0,0,0,1,0,0,0,3,0,0,1,1,3,0,2,2,1,0,1,1,3,7,7,10,2,0,0,0,0,0,0,0,0,0,0,0,0,0,0,0,0,1,0,0,0,0,1,0
3,6,1,1,0,1,1,1,0,2,0,0,1,2,0,3,2,3,2,0,2,2,0,0,0,9,7,3,3,1,0,0,0,0,0,0,1,0,0,0,0,0,0,0,0,0,0,0,0,0,0,1
4,2,1,1,0,0,1,0,0,0,0,1,0,1,3,0,3,2,2,0,2,3,3,0,1,7,2,5,9,1,0,0,0,0,0,0,0,0,0,0,0,0,1,0,0,0,0,0,0,0,1,0
5,2,2,1,1,1,1,1,0,1,2,0,0,0,2,3,3,1,3,1,3,3,3,3,0,8,8,7,7,1,0,0,0,0,0,0,1,0,0,0,0,0,0,0,0,0,0,0,0,0,1,0
6,2,1,1,1,0,1,1,0,2,0,1,2,1,1,2,0,1,1,1,1,1,0,0,2,4,8,6,0,1,0,0,0,0,0,0,0,0,0,0,0,0,0,0,0,1,0,0,0,0,0,1
7,2,0,1,0,0,1,1,0,0,0,1,0,0,3,1,3,0,2,0,2,2,1,0,1,5,3,5,3,1,0,0,0,0,0,0,0,1,0,0,0,0,0,0,0,0,0,0,0,0,1,0
8,2,2,1,0,0,0,0,0,0,3,0,2,0,0,0,0,0,0,3,0,0,0,3,0,2,0,0,0,1,0,0,0,0,0,0,0,0,0,0,0,0,0,0,1,0,0,0,0,0,1,0
9,2,0,1,0,0,1,1,0,1,1,1,1,2,1,1,0,1,1,0,2,2,1,2,2,2,2,5,1,1,0,0,0,0,0,0,0,0,0,0,0,0,1,0,0,0,0,1,0,0,0,0
10,2,1,1,1,0,1,0,0,0,3,0,0,0,0,0,0,0,0,0,1,1,0,1,0,7,7,4,7,0,0,1,0,0,0,0,0,0,0,0,0,0,0,0,0,0,0,0,0,0,1,0
11,2,3,1,0,0,1,0,0,1,0,3,0,0,2,1,1,1,1,0,1,1,2,1,1,1,0,0,1,1,0,0,1,0,0,0,0,0,0,0,0,0,0,0,0,0,0,0,0,0,0,1
12,0,1,1,0,0,1,1,0,1,0,1,0,0,3,0,2,0,3,0,2,2,1,1,0,9,3,2,7,1,0,0,0,0,0,1,0,0,0,0,0,0,0,0,0,0,0,0,0,0,1,0
13,2,0,1,0,0,1,0,0,0,3,1,2,0,2,0,0,0,1,0,1,0,3,0,0,2,1,2,0,1,0,1,0,0,0,0,0,0,0,0,0,0,0,0,0,0,0,0,0,0,1,0
14,2,1,1,1,0,1,1,0,3,1,0,0,0,0,3,0,2,1,2,2,0,0,2,1,6,4,7,0,1,0,0,0,0,0,0,1,0,0,0,0,0,0,0,0,0,0,0,0,0,1,0
15,1,0,0,0,0,1,1,0,1,1,0,0,0,2,1,1,1,1,1,3,1,2,2,1,7,5,4,1,-1,0,0,0,0,0,0,0,0,0,0,0,1,0,0,0,0,0,0,0,0,1,0
16,1,3,1,0,0,1,1,0,0,0,0,0,0,3,0,0,0,0,0,0,2,3,0,1,8,8,4,3,1,0,0,0,0,0,1,0,0,0,0,0,0,0,0,0,0,0,0,0,0,1,0
17,1,5,1,0,1,1,1,0,1,0,2,1,0,3,1,0,0,0,2,2,1,2,3,0,5,7,10,0,1,0,0,0,0,0,1,0,0,0,0,0,0,0,0,0,0,0,0,0,0,1,0
18,1,10,1,0,0,1,0,0,1,0,0,0,0,2,2,2,1,0,2,1,2,3,3,0,7,5,0,3,1,0,0,0,0,0,0,0,0,0,0,0,0,0,1,0,0,0,0,0,0,1,0
19,1,1,0,0,0,0,0,0,0,0,0,0,0,3,1,0,0,0,1,1,2,3,1,0,7,3,0,2,1,0,0,0,0,0,1,0,0,0,0,0,0,0,0,0,0,0,0,0,0,1,0
20,1,3,1,0,0,1,1,0,1,0,2,1,0,3,2,3,2,1,1,3,1,3,2,2,6,9,3,0,1,0,0,0,0,0,1,0,0,0,0,0,0,0,0,0,0,1,0,0,0,0,0
21,1,1,1,0,0,1,0,0,0,1,1,0,0,2,0,0,0,1,1,2,0,3,2,0,10,10,2,4,1,0,0,0,0,0,0,0,0,0,0,0,0,0,1,0,0,0,0,0,0,1,0
22,2,2,1,0,0,1,1,0,1,1,2,3,1,3,2,0,0,1,1,1,3,3,2,1,6,7,5,4,1,0,0,0,0,0,0,0,0,0,0,0,0,1,0,0,0,0,1,0,0,0,0
23,2,0,1,0,0,0,1,0,1,1,2,0,0,1,0,1,2,0,0,3,0,0,0,1,3,3,8,6,0,0,0,0,0,0,0,0,0,0,0,0,1,0,0,0,0,0,0,0,0,1,0
24,1,1,1,1,1,1,1,0,1,1,0,1,2,2,2,0,1,0,2,0,2,1,3,2,10,6,8,10,1,0,0,0,0,0,0,0,0,0,0,0,0,0,0,1,0,0,0,1,0,0,0
25,2,0,0,0,0,1,1,0,2,1,1,3,1,1,1,3,0,2,0,3,2,2,2,0,7,4,2,5,1,0,0,0,0,0,0,0,0,0,0,0,1,0,0,0,0,0,0,0,0,1,0
26,1,5,1,1,1,1,1,0,2,2,1,1,1,3,2,0,0,3,0,3,3,3,3,2,8,6,10,5,1,0,0,0,0,0,0,0,0,0,0,0,0,0,0,1,0,0,0,0,0,1,0
27,2,2,1,1,1,0,1,0,2,1,1,1,1,2,2,0,0,0,0,3,2,2,0,0,3,2,1,2,1,0,0,0,0,0,0,0,0,0,0,0,1,0,0,0,0,0,0,0,0,0,1
28,1,0,1,1,0,1,1,0,0,3,1,1,0,0,1,2,3,1,1,3,1,0,2,2,6,6,4,5,1,0,0,0,0,0,0,0,0,0,0,0,1,0,0,0,0,0,0,0,0,1,0
29,1,0,1,0,0,1,0,0,1,0,0,1,0,0,2,0,0,0,2,2,0,0,2,0,8,2,1,5,1,0,0,0,0,0,0,0,0,0,0,0,1,0,0,0,0,1,0,0,0,0,0
30,2,2,1,1,0,1,1,0,0,1,1,3,0,3,2,0,2,2,3,2,2,2,3,1,7,7,2,0,1,0,0,0,0,0,0,0,0,0,0,0,0,0,0,1,0,1,0,0,0,0,0
31,2,0,1,0,0,0,0,0,3,0,0,0,0,1,1,0,0,2,0,3,0,0,0,3,4,4,4,3,0,1,0,0,0,0,0,0,0,0,0,0,0,0,0,0,0,0,0,0,0,1,0
32,2,2,1,1,0,1,1,0,0,0,0,1,0,1,2,1,0,2,3,2,0,0,2,2,9,8,2,3,1,0,0,0,0,0,0,0,0,0,0,1,0,0,0,0,0,0,0,0,0,1,0
33,1,1,0,0,0,1,1,0,1,1,1,3,0,2,1,1,0,1,1,3,1,2,3,1,5,6,6,1,1,0,0,0,0,0,0,0,0,0,0,0,0,0,0,1,0,0,0,0,0,1,0
34,1,0,1,0,0,0,0,0,3,0,0,1,0,0,0,0,0,0,1,0,0,0,0,1,0,0,0,0,0,1,0,0,0,0,0,0,0,0,0,0,0,0,0,0,0,0,0,0,0,1,0
35,2,2,1,1,0,1,0,0,2,1,2,1,2,2,1,2,1,2,1,3,2,2,1,0,3,2,1,1,1,0,0,0,0,0,0,0,0,0,0,0,1,0,0,0,0,0,0,0,0,1,0
36,2,1,1,0,0,0,1,0,0,0,1,0,0,2,0,1,1,0,0,3,0,1,0,0,6,8,0,2,1,0,0,0,0,0,0,0,0,0,0,0,1,0,0,0,0,0,0,0,0,1,0
37,1,1,1,0,0,1,0,0,0,0,2,0,0,3,1,2,0,0,1,3,2,3,3,0,2,0,4,0,0,0,0,0,0,0,0,0,0,0,0,0,1,0,0,0,0,0,0,1,0,0,0
38,2,0,0,0,0,0,1,0,1,0,1,2,0,0,1,0,0,0,0,1,0,0,3,0,9,8,1,0,0,0,0,0,0,0,0,0,0,0,0,0,0,0,0,1,0,0,0,1,0,0,0
39,2,1,1,0,0,1,0,0,1,1,3,2,1,2,1,2,0,2,1,3,3,2,3,1,7,2,8,6,1,0,0,1,0,0,0,0,0,0,0,0,0,0,0,0,0,0,0,0,0,1,0
40,2,0,1,1,1,1,0,0,2,1,0,1,2,0,2,1,1,1,1,2,2,1,2,3,4,2,3,4,1,0,0,0,0,0,0,0,0,0,0,0,0,0,0,0,1,0,0,0,0,0,1
41,2,2,1,1,0,1,0,0,3,0,0,2,0,2,2,1,0,2,3,2,1,2,3,2,7,6,5,0,1,0,0,0,0,0,0,0,0,0,0,0,0,0,0,1,0,0,0,0,0,1,0
42,4,0,0,0,0,1,0,0,3,1,0,1,0,1,2,0,1,0,0,3,2,0,2,2,3,2,10,0,0,0,0,0,0,0,0,0,0,0,0,0,0,0,0,0,1,0,0,0,0,0,1
43,1,1,1,0,0,1,1,0,3,0,3,0,0,3,2,2,1,2,0,2,3,3,1,2,6,6,8,2,1,1,0,0,0,0,0,0,0,0,0,0,0,0,0,0,0,0,0,0,0,1,0
44,2,1,1,0,0,1,1,0,1,0,0,0,0,3,1,0,0,0,3,2,2,3,3,3,1,0,8,2,0,0,0,0,0,0,0,0,0,0,0,1,0,0,0,0,0,0,0,0,0,1,0
45,1,0,1,1,1,0,0,0,0,2,1,3,0,1,0,0,1,1,1,1,1,2,2,2,7,3,1,5,1,0,0,0,1,0,0,0,0,0,0,0,0,0,0,0,0,0,1,0,0,0,0
46,4,0,0,1,1,0,0,0,3,2,0,1,0,0,0,0,0,0,2,1,0,0,2,0,8,9,3,0,0,1,0,0,0,0,0,0,0,0,0,0,0,0,0,0,0,0,0,0,0,1,0
47,2,1,1,0,0,1,1,0,1,0,1,2,0,0,0,1,0,3,1,2,0,0,3,2,9,6,4,3,1,0,0,0,0,0,0,0,0,0,0,0,0,0,0,1,0,0,0,0,0,1,0
48,2,2,1,0,1,1,1,0,0,0,1,1,0,3,1,0,1,1,3,2,1,3,3,0,7,9,5,0,1,0,0,0,0,0,0,0,0,0,0,1,0,0,0,0,0,0,0,0,0,1,0
49,2,1,1,0,0,0,1,0,2,1,2,0,0,3,2,1,0,2,1,3,2,2,2,2,7,4,2,4,0,0,0,0,0,0,0,0,0,0,0,0,1,0,0,0,0,0,0,0,0,1,0
50,1,0,1,1,0,1,0,0,0,1,3,0,0,1,0,0,1,1,3,2,2,2,3,1,0,0,0,0,1,0,0,1,0,0,0,0,0,0,0,0,0,0,0,0,0,1,0,0,0,0,0
51,1,2,1,0,0,1,1,0,1,0,0,1,2,3,1,3,3,3,0,2,3,3,1,0,7,8,7,5,1,0,0,0,0,0,0,0,1,0,0,0,0,0,0,0,0,0,0,0,0,1,0
52,2,0,0,0,0,0,1,0,2,1,2,1,0,3,3,0,0,0,2,1,1,3,3,1,10,6,3,10,0,0,0,0,0,0,0,0,0,0,0,0,0,0,1,0,0,1,0,0,0,0,0
53,2,5,1,0,0,1,1,0,3,1,0,3,0,1,2,1,1,1,0,3,2,1,1,0,3,7,5,5,0,0,0,0,0,0,0,0,0,0,0,0,1,0,0,0,0,0,0,0,0,1,0
54,2,1,1,0,1,1,1,0,1,0,1,2,0,1,1,0,0,1,2,3,2,1,3,1,8,7,4,3,1,0,0,0,0,0,0,0,0,0,0,0,0,0,0,1,0,0,0,0,0,1,0
55,1,0,1,1,0,1,0,0,3,0,0,0,0,1,2,0,0,0,0,1,1,1,2,1,0,0,1,3,1,1,0,0,0,0,0,0,0,0,0,0,0,0,0,0,0,1,0,0,0,0,0
56,2,2,1,0,0,1,0,0,1,0,0,1,0,0,0,0,0,0,3,1,0,2,3,0,8,6,2,10,0,0,0,0,0,0,0,0,0,0,0,0,0,0,0,1,0,0,0,0,0,1,0
57,4,0,0,0,0,0,1,0,1,1,0,0,0,0,1,0,0,0,2,1,1,0,2,2,9,0,10,0,0,0,0,0,0,0,0,0,0,0,0,0,0,0,0,1,0,0,1,0,0,0,0
58,2,2,1,0,0,1,1,0,1,3,0,3,3,2,1,0,1,0,2,2,1,1,1,2,6,4,2,3,1,0,0,0,1,0,0,0,0,0,0,0,0,0,0,0,0,0,0,0,0,1,0
59,2,0,1,1,0,0,0,0,2,2,2,1,0,1,2,1,1,3,0,2,3,1,2,3,7,0,0,2,1,0,0,0,0,0,0,0,0,0,0,0,0,0,0,0,1,0,1,0,0,0,0
60,2,0,0,1,0,1,1,0,0,0,0,0,0,0,2,3,0,0,0,0,0,0,0,1,10,1,0,0,1,0,0,0,0,0,0,0,1,0,0,0,0,0,0,0,0,0,0,0,0,0,1
61,2,0,0,1,0,1,0,0,1,0,2,1,0,0,3,0,0,0,0,2,1,0,3,1,8,7,0,5,1,0,0,0,0,0,0,0,0,0,0,0,0,0,0,1,0,0,0,0,1,0,0
62,1,0,1,1,0,0,0,0,0,0,1,1,0,0,0,0,0,1,2,2,0,0,3,2,3,2,6,7,1,0,0,0,0,0,0,0,0,0,0,0,0,0,0,1,0,0,0,1,0,0,0
63,2,0,0,0,0,0,1,0,1,1,1,2,0,1,0,1,0,1,3,2,0,1,3,3,5,5,3,1,0,0,0,0,0,0,0,0,0,0,0,1,0,0,0,0,0,0,0,0,0,1,0
64,3,2,1,0,0,0,1,0,2,0,1,2,0,2,1,1,0,0,3,3,3,1,3,0,10,10,3,1,-1,0,0,0,0,0,0,0,0,0,0,0,0,0,0,1,0,0,0,0,0,1,0
65,4,2,1,0,0,1,1,0,3,0,1,3,0,0,0,2,0,1,3,1,0,0,2,3,5,4,10,2,1,0,0,0,0,0,0,0,0,0,0,1,0,0,0,0,0,0,0,0,0,1,0
66,2,1,0,0,0,1,1,0,2,2,0,1,0,0,1,0,1,0,3,3,0,0,3,0,0,0,8,0,0,0,0,0,0,0,0,0,0,0,0,0,0,0,0,1,0,0,0,0,0,1,0
67,3,1,0,0,0,1,0,0,1,2,1,0,1,3,1,1,1,1,0,2,2,2,2,0,8,8,5,10,1,0,0,0,0,0,1,0,0,0,0,0,0,0,0,0,0,0,0,0,0,1,0
68,4,1,1,1,1,1,1,0,2,0,2,0,0,1,1,0,0,2,2,2,0,1,1,0,10,7,8,0,1,0,0,0,0,0,0,0,0,0,0,1,0,0,0,0,0,1,0,0,0,0,0
69,4,0,1,1,1,1,0,0,2,1,3,2,1,1,3,0,0,0,3,2,1,1,3,2,7,3,1,1,1,0,0,0,0,0,0,0,0,0,0,0,0,0,0,1,0,0,1,0,0,0,0
70,2,1,1,0,0,1,0,0,1,2,2,1,0,2,1,0,2,2,2,2,3,3,3,1,8,7,4,0,1,0,0,0,0,0,0,0,0,0,0,0,0,0,0,1,0,0,0,0,0,0,1
71,3,0,1,0,0,1,1,0,0,2,0,1,2,0,2,1,0,0,2,3,0,0,3,0,10,2,0,5,0,0,0,0,0,0,0,0,0,0,0,0,0,0,0,1,0,0,0,0,0,1,0
72,1,1,1,0,0,0,1,0,2,1,1,2,0,1,1,1,1,2,2,3,1,1,3,3,9,8,1,2,1,0,0,0,0,0,0,0,0,0,0,0,0,0,0,1,0,0,0,0,0,1,0
73,2,0,1,1,1,1,1,0,1,1,3,1,1,3,1,1,1,1,1,2,1,3,3,1,6,3,1,1,1,0,0,0,0,0,1,0,0,0,0,0,0,0,0,0,0,0,0,0,0,1,0
74,2,0,0,0,0,0,0,0,2,0,0,0,0,3,1,0,1,0,0,2,2,3,0,0,7,7,0,1,0,0,0,0,0,0,1,0,0,0,0,0,0,0,0,0,0,1,0,0,0,0,0
75,1,2,1,1,1,1,1,0,2,1,0,0,1,1,3,3,1,0,0,3,1,3,2,0,7,7,8,4,1,0,0,0,0,0,0,1,0,0,0,0,0,0,0,0,0,0,0,0,0,1,0
76,1,2,1,0,0,1,1,0,0,2,1,1,0,0,0,0,0,0,3,1,0,0,3,2,4,1,0,0,1,0,0,0,0,0,0,0,0,0,0,1,0,0,0,0,0,0,0,0,0,1,0
77,2,4,1,0,0,1,1,0,0,1,3,0,0,2,0,3,0,0,0,1,3,1,0,0,7,2,1,5,1,0,0,0,0,0,0,0,0,0,0,0,0,1,0,0,0,0,0,0,0,1,0
78,2,0,0,0,0,0,1,0,2,1,3,0,1,1,1,0,0,2,0,3,1,2,1,3,9,0,5,10,1,0,0,1,0,0,0,0,0,0,0,0,0,0,0,0,0,0,0,0,0,0,1
79,2,1,1,0,0,1,1,0,0,0,1,0,0,3,2,2,1,2,0,3,3,3,2,1,2,7,1,1,1,0,0,0,0,0,1,0,0,0,0,0,0,0,0,0,0,0,0,0,0,0,1
80,2,2,0,1,1,1,1,0,1,0,0,1,0,2,3,0,3,1,2,1,2,1,3,1,10,8,7,0,1,0,0,0,0,0,0,0,0,0,0,0,0,0,0,1,0,0,0,0,0,1,0
81,2,1,1,0,0,1,0,0,1,0,1,0,0,3,3,1,2,3,0,2,2,2,1,3,3,0,0,0,1,0,0,0,0,0,0,1,0,0,0,0,0,0,0,0,0,0,0,0,0,1,0
82,2,0,1,0,0,1,1,0,0,0,3,0,0,2,0,3,0,0,0,2,0,2,3,1,7,8,5,1,0,0,0,0,0,0,0,0,1,0,0,0,0,0,0,0,0,0,0,0,0,1,0
83,1,1,1,1,1,1,1,0,1,2,0,3,0,1,2,0,2,2,1,3,1,0,3,1,2,1,0,0,1,0,0,0,0,0,0,0,0,0,0,0,0,0,0,1,0,0,0,0,0,1,0
84,2,1,1,0,0,1,1,0,1,0,2,0,0,3,1,3,1,1,1,3,3,3,1,3,5,4,0,1,1,0,0,0,0,0,0,0,0,0,0,0,0,1,0,0,0,0,0,0,0,1,0
85,4,0,1,0,0,0,0,0,1,1,1,1,0,1,1,1,0,1,1,2,1,1,3,0,9,10,6,10,0,0,0,0,0,0,0,0,0,0,0,0,0,0,0,1,0,0,0,0,0,1,0
86,1,2,1,1,0,0,0,0,1,0,3,0,0,0,3,0,2,0,0,2,0,0,3,3,2,0,0,0,1,0,0,0,0,0,0,1,0,0,0,0,0,0,0,0,0,0,0,0,0,1,0
87,3,0,0,0,0,0,1,0,1,2,2,0,0,2,0,0,1,0,3,2,1,2,2,2,5,2,5,1,1,0,0,0,0,0,0,0,0,0,0,1,0,0,0,0,0,0,1,0,0,0,0
88,2,0,0,0,0,0,0,0,1,2,0,2,0,3,3,0,0,0,3,3,3,3,3,0,3,2,0,0,0,0,0,0,0,0,0,0,0,0,0,0,0,1,0,0,0,0,0,0,0,1,0
89,3,1,1,0,0,0,0,0,0,0,1,0,0,3,0,0,2,1,0,2,3,3,1,0,2,0,7,0,0,0,0,0,0,0,1,0,0,0,0,0,0,0,0,0,0,0,0,0,0,1,0
90,3,2,1,1,0,1,0,0,2,1,0,2,0,1,0,0,0,0,3,2,0,0,3,0,7,6,6,2,0,0,0,0,0,0,0,0,0,0,0,1,0,0,0,0,0,0,0,0,0,1,0
91,4,2,1,1,1,1,1,0,2,1,3,1,1,1,1,2,1,3,1,2,1,0,2,3,5,4,8,3,0,0,0,0,0,0,0,0,0,0,0,0,0,0,0,0,1,0,1,0,0,0,0
92,2,1,1,0,0,1,1,0,3,1,1,0,0,1,1,0,0,0,2,3,1,0,3,1,4,6,5,3,1,1,0,0,0,0,0,0,0,0,0,0,0,0,0,0,0,0,0,0,0,1,0
93,4,0,1,0,0,1,0,0,2,1,0,0,0,0,0,0,0,0,1,2,1,1,3,0,6,2,3,1,1,0,0,0,0,0,0,0,0,0,0,0,0,0,0,1,0,0,0,0,0,0,1
94,2,1,1,0,0,1,0,0,1,0,1,0,0,1,2,0,0,2,0,2,0,0,1,3,8,2,1,6,1,0,0,0,0,0,0,0,0,0,0,0,0,0,0,0,1,0,0,0,0,0,1
95,2,4,1,0,0,1,1,0,1,3,0,3,0,0,1,0,0,0,3,1,0,1,2,2,9,6,0,6,1,0,0,0,0,0,0,0,0,0,0,1,0,0,0,0,0,0,0,0,0,1,0
96,2,1,0,0,1,1,1,0,1,2,3,0,0,2,0,1,0,2,0,2,0,2,2,1,0,3,7,0,1,0,0,1,0,0,0,0,0,0,0,0,0,0,0,0,0,0,0,0,0,1,0
97,3,0,0,0,0,1,0,0,1,1,0,1,0,1,1,0,0,1,2,2,0,1,3,0,8,9,6,2,1,0,0,0,0,0,0,0,0,0,0,0,0,0,0,1,0,0,0,0,0,1,0
98,2,1,1,0,0,1,1,0,2,0,0,0,0,2,2,1,0,0,2,2,1,2,3,1,4,1,1,1,1,0,0,0,0,0,0,0,0,0,0,1,0,0,0,0,0,0,0,0,0,1,0
99,1,3,1,0,0,0,0,0,0,0,0,0,0,0,0,0,0,0,2,1,0,0,3,1,8,7,5,0,1,0,0,0,0,0,0,0,0,0,0,0,0,0,0,1,0,0,0,0,0,1,0
100,2,0,0,1,1,1,1,0,0,0,1,0,0,2,0,0,0,0,3,2,0,1,3,1,3,4,6,1,1,0,0,0,0,0,0,0,0,0,0,1,0,0,0,0,0,0,0,0,0,1,0
101,2,0,0,1,0,0,0,0,3,0,0,0,1,0,2,0,2,0,1,1,1,0,3,2,1,1,3,1,1,1,0,0,0,0,0,0,0,0,0,0,0,0,0,0,0,0,1,0,0,0,0
102,1,2,1,0,0,1,0,0,0,1,0,0,0,2,0,0,0,1,3,2,2,2,3,1,10,8,6,7,0,0,0,0,0,0,0,0,0,0,0,1,0,0,0,0,0,1,0,0,0,0,0
103,3,0,0,0,0,1,0,0,1,0,3,2,0,0,0,0,0,1,1,1,0,0,2,1,6,6,2,0,0,0,0,0,0,0,0,0,0,0,0,0,0,0,0,1,0,0,0,0,0,0,1
104,2,1,1,0,0,1,1,0,0,0,1,0,0,1,0,2,0,1,1,2,2,1,3,2,6,7,0,0,1,0,0,0,0,0,0,0,0,0,0,0,0,0,0,1,0,0,0,0,0,1,0
105,2,0,1,1,0,1,1,0,2,1,0,3,0,0,1,0,0,1,3,1,0,1,2,3,8,4,10,0,0,0,0,0,0,0,0,0,0,0,0,1,0,0,0,0,0,0,0,0,0,0,1
106,4,1,1,0,0,0,1,0,2,0,1,1,1,3,2,1,1,0,1,3,3,2,3,0,9,7,6,2,0,0,0,0,0,0,0,0,0,0,0,0,1,0,0,0,0,0,0,0,0,1,0
107,2,0,1,1,0,1,0,0,0,0,2,0,0,1,0,0,0,0,0,3,0,1,3,2,7,4,6,5,1,0,0,0,0,0,0,0,0,0,0,0,1,0,0,0,0,0,0,0,0,1,0
108,3,1,1,0,0,1,1,0,1,0,2,0,0,2,1,0,0,0,3,1,0,2,2,1,6,7,0,0,0,0,0,0,0,0,0,0,0,0,0,1,0,0,0,0,0,0,0,1,0,0,0
109,2,1,1,0,1,1,0,0,2,1,0,2,0,0,0,0,0,0,3,3,0,0,3,1,10,0,10,10,1,0,0,0,0,0,0,0,0,0,0,1,0,0,0,0,0,0,0,0,0,0,1
110,2,0,1,0,0,1,1,0,1,0,0,1,0,0,0,0,0,2,3,1,0,0,2,1,6,3,0,1,1,0,0,0,0,0,0,0,0,0,0,1,0,0,0,0,0,0,0,0,0,1,0
111,1,1,0,0,0,0,0,0,1,0,0,0,0,2,1,0,1,0,0,3,2,1,0,0,7,5,5,3,1,0,0,0,0,0,0,0,0,0,0,0,1,0,0,0,0,0,0,0,0,1,0
112,2,1,1,0,0,1,0,0,1,1,1,1,0,2,1,1,0,0,1,3,1,2,2,2,7,10,5,0,1,0,0,0,0,0,0,0,0,0,0,0,1,0,0,0,0,0,0,0,0,0,1
113,2,0,1,1,0,1,1,0,2,0,0,1,0,2,2,0,2,1,1,3,2,2,3,2,8,6,0,0,1,0,0,0,0,0,0,0,0,0,0,0,0,0,0,1,0,0,0,0,0,1,0
114,2,3,1,0,0,1,1,0,3,0,1,0,0,2,2,3,0,3,0,3,2,1,1,1,4,3,0,0,1,0,0,0,0,0,0,0,1,0,0,0,0,0,0,0,0,0,0,0,0,1,0
115,2,1,1,0,0,1,1,0,1,0,2,2,0,3,1,3,2,3,1,3,3,3,2,2,7,6,7,5,1,0,0,0,0,0,1,0,0,0,0,0,0,0,0,0,0,0,0,0,0,1,0
116,2,0,0,1,0,0,1,0,0,0,1,0,0,1,1,0,0,0,3,0,0,1,2,0,7,3,2,3,1,0,0,0,0,0,0,0,0,0,0,1,0,0,0,0,0,0,0,0,0,1,0
117,2,0,0,0,1,1,0,0,0,0,3,0,1,2,2,0,0,0,0,3,3,2,2,0,2,7,5,0,1,0,0,1,0,0,0,0,0,0,0,0,0,0,0,0,0,0,0,0,0,1,0
118,1,1,1,0,0,1,0,0,1,2,2,2,0,1,1,1,0,3,2,3,3,2,3,2,7,8,6,5,1,0,0,0,0,0,0,0,0,0,0,0,0,0,0,1,0,0,0,0,0,1,0
119,3,0,0,0,0,1,0,0,1,2,0,3,0,1,1,0,0,0,0,2,0,1,3,1,4,7,1,0,1,0,0,0,1,0,0,0,0,0,0,0,0,0,0,0,0,0,0,0,0,1,0
120,2,0,0,0,0,1,1,0,0,0,0,0,0,2,0,2,0,0,3,3,0,2,3,2,7,8,5,1,0,0,0,0,0,0,0,0,0,0,0,0,0,0,0,1,0,0,0,0,0,1,0
121,2,1,1,0,0,1,1,0,0,2,2,0,0,3,0,0,0,1,1,1,1,2,3,2,5,2,8,6,1,0,0,0,0,0,0,0,0,0,0,0,0,0,0,1,0,1,0,0,0,0,0
122,1,0,1,1,1,1,1,0,1,0,2,2,0,3,2,1,1,1,3,1,1,3,3,0,10,7,4,2,1,0,0,0,0,0,1,0,0,0,0,0,0,0,0,0,0,0,0,0,0,1,0
123,2,0,0,0,0,1,0,0,0,1,0,1,0,2,1,0,0,3,2,1,2,2,3,1,6,5,0,0,0,0,0,0,0,0,0,0,0,0,0,0,0,0,0,1,0,0,0,0,0,0,1
124,3,2,1,0,0,1,1,0,1,0,0,1,0,0,3,0,1,1,1,0,2,0,3,2,7,2,3,1,1,0,0,0,0,0,0,1,0,0,0,0,0,0,0,0,0,0,0,1,0,0,0
125,2,4,0,1,1,0,1,0,2,2,3,3,0,0,1,0,0,0,1,0,1,0,2,2,4,7,7,3,1,0,0,1,0,0,0,0,0,0,0,0,0,0,0,0,0,0,0,0,0,1,0
126,2,1,1,1,1,1,1,0,2,1,2,1,0,1,2,2,2,2,3,3,1,1,3,3,4,5,6,5,1,0,0,0,0,0,0,0,0,0,0,0,1,0,0,0,0,0,0,0,0,1,0
127,1,0,1,1,1,1,0,0,1,0,2,3,1,2,0,0,0,2,2,3,1,3,3,3,7,10,5,6,-1,0,0,0,0,0,0,0,0,0,0,0,0,0,0,1,0,0,0,0,0,1,0
128,2,0,0,0,0,1,0,0,2,0,1,1,0,1,0,0,0,0,3,2,2,2,3,1,6,4,5,0,1,0,0,0,0,0,0,0,0,0,0,1,0,0,0,0,0,0,0,0,0,1,0
129,3,2,1,0,0,1,1,0,2,1,2,3,0,1,2,1,1,2,2,2,1,1,3,2,4,1,3,1,0,0,0,0,0,0,0,0,0,0,0,0,0,0,0,1,0,0,0,0,0,1,0
130,3,0,1,1,0,1,0,0,2,0,0,1,2,0,1,0,0,0,0,2,1,0,2,2,6,6,1,2,1,0,0,0,0,0,0,0,0,0,0,0,0,0,0,0,1,0,0,0,0,0,1
131,3,2,1,0,0,0,0,0,2,1,0,2,0,1,1,0,1,1,2,2,2,1,3,3,10,8,7,1,1,0,0,0,0,0,0,0,0,0,0,0,0,0,0,1,0,0,0,0,0,1,0
132,3,2,1,0,0,1,1,0,2,0,1,0,0,2,1,0,0,1,1,3,3,3,3,3,10,8,2,8,1,0,0,0,0,0,0,0,0,0,0,0,1,0,0,0,0,0,0,0,0,1,0
133,3,0,0,0,0,1,0,0,1,0,3,1,1,2,1,0,1,1,0,2,1,1,1,0,3,6,2,0,0,0,0,1,0,0,0,0,0,0,0,0,0,0,0,0,0,0,0,1,0,0,0
134,2,1,1,1,0,1,0,0,0,0,0,3,0,2,0,0,0,2,3,1,0,1,3,2,8,9,2,0,1,0,0,0,0,0,0,0,0,0,0,0,0,0,0,1,0,0,0,0,0,1,0
135,2,0,1,1,0,0,1,0,0,0,2,0,0,1,0,0,0,1,0,1,0,0,2,3,8,3,8,7,1,0,0,0,0,0,0,0,0,0,0,0,0,0,0,0,1,0,0,0,0,1,0
136,2,1,1,1,0,1,0,0,3,1,0,0,0,0,0,1,0,2,0,3,0,0,1,2,3,3,1,2,1,1,0,0,0,0,0,0,0,0,0,0,0,0,0,0,0,0,0,0,0,1,0
137,2,0,1,1,0,1,1,0,1,1,0,0,0,1,0,3,1,1,1,3,1,1,1,0,6,5,2,0,1,0,0,0,0,0,0,0,0,0,0,0,1,0,0,0,0,1,0,0,0,0,0
138,1,1,1,0,1,0,0,0,1,2,2,0,0,1,0,2,0,2,0,3,0,1,3,1,0,0,4,0,0,0,0,0,0,0,0,0,0,0,0,0,1,0,0,0,0,0,0,0,0,0,1
139,2,0,1,0,0,0,0,0,2,1,1,2,0,1,0,0,0,1,1,3,3,1,3,0,6,5,0,2,1,0,0,0,0,0,0,0,0,0,0,0,1,0,0,0,0,0,0,0,0,1,0
140,1,1,1,0,0,1,1,0,3,0,0,0,2,2,1,2,0,3,0,3,2,2,1,3,3,8,0,0,1,0,0,0,0,0,0,0,0,0,1,0,0,0,0,0,0,0,0,0,0,1,0
141,1,0,1,0,0,1,1,0,3,0,0,0,0,3,0,2,0,1,0,3,3,3,0,2,1,8,0,0,0,0,0,0,0,0,0,0,0,0,0,0,0,0,1,0,0,0,0,0,0,1,0
142,3,4,1,0,0,1,1,0,2,0,2,0,0,2,1,0,0,1,3,3,1,2,3,1,5,6,6,3,1,0,0,0,0,0,0,0,0,0,0,1,0,0,0,0,0,0,0,0,0,1,0
143,5,2,1,0,0,1,1,0,3,2,3,1,1,2,2,1,2,1,1,3,3,1,3,1,0,0,0,0,1,0,0,0,0,0,0,0,0,0,0,0,1,0,0,0,0,0,0,0,0,1,0
144,2,0,1,0,0,0,0,0,0,0,3,0,0,1,0,1,0,1,0,0,0,0,1,1,0,8,0,0,1,0,0,1,0,0,0,0,0,0,0,0,0,0,0,0,0,0,0,0,0,1,0
145,3,0,0,0,0,0,0,0,0,0,1,0,0,0,0,0,0,0,3,1,0,0,2,0,3,7,0,0,1,0,0,0,0,0,0,0,0,0,0,1,0,0,0,0,0,0,0,0,0,1,0
146,2,2,1,1,1,1,1,0,2,1,3,3,1,3,3,1,2,2,2,3,3,3,2,2,8,8,8,5,1,0,0,0,0,0,0,1,0,0,0,0,0,0,0,0,0,0,0,1,0,0,0
147,1,0,1,1,1,1,0,0,2,0,0,0,0,1,2,0,0,1,2,3,0,1,3,1,5,2,3,4,1,0,0,0,0,0,0,1,0,0,0,0,0,0,0,0,0,0,0,0,0,1,0
148,2,1,1,1,0,1,0,0,1,1,0,3,1,1,2,0,0,1,1,2,2,1,2,2,8,8,3,0,1,0,0,0,1,0,0,0,0,0,0,0,0,0,0,0,0,0,0,0,0,1,0
149,2,3,1,0,0,1,0,0,0,0,3,0,0,2,0,1,0,0,1,2,2,2,2,0,6,8,8,0,1,0,0,1,0,0,0,0,0,0,0,0,0,0,0,0,0,0,0,0,0,1,0
150,2,1,1,0,0,1,1,0,1,3,2,1,0,3,1,0,3,2,1,3,3,3,2,2,6,8,6,0,-1,0,0,0,0,0,0,0,0,0,0,0,1,0,0,0,0,0,0,0,0,1,0
151,3,1,1,1,1,1,1,0,1,1,2,3,0,2,1,0,2,3,1,2,3,1,3,1,6,6,7,5,1,0,0,0,0,0,0,0,0,0,0,0,0,0,0,1,0,0,0,0,0,1,0
152,2,1,1,0,0,0,0,0,0,0,0,2,2,2,2,0,1,0,1,1,1,2,3,3,9,10,3,0,0,0,0,0,0,0,0,0,0,0,0,0,0,0,0,1,0,0,1,0,0,0,0
153,2,0,0,1,0,0,0,0,1,0,0,1,0,2,0,0,2,0,0,3,2,3,3,1,7,7,5,0,1,0,0,0,0,0,0,0,0,0,0,0,1,0,0,0,0,0,0,0,0,1,0
154,2,0,0,0,0,0,0,0,1,0,1,1,0,1,1,0,0,1,2,2,1,2,3,0,10,7,2,8,0,0,0,0,0,0,0,0,0,0,0,0,0,0,0,1,0,0,0,0,0,1,0
155,2,0,1,1,0,1,1,0,1,0,0,2,0,1,0,0,0,1,3,1,0,1,3,2,1,3,0,6,0,0,0,0,0,0,0,0,0,0,0,1,0,0,0,0,0,0,0,0,0,1,0
156,1,0,1,1,0,0,1,0,1,0,0,0,0,1,3,3,0,3,0,3,3,2,0,2,5,3,2,1,1,0,0,0,0,0,0,0,0,0,0,0,1,0,0,0,0,0,0,0,0,1,0
157,3,1,1,0,0,1,1,0,1,2,1,1,0,2,2,1,0,0,2,2,1,1,3,2,6,8,1,6,1,0,0,0,0,0,0,0,0,0,0,0,0,0,0,1,0,0,1,0,0,0,0
158,4,1,1,0,0,1,0,0,1,0,2,3,0,3,2,1,1,2,1,3,3,2,3,1,7,2,0,7,1,0,0,0,0,0,0,0,0,0,0,0,1,0,0,0,0,0,0,0,0,0,1
159,2,0,1,1,0,1,1,0,1,0,1,0,0,2,0,0,0,0,3,1,0,2,3,2,6,9,9,0,1,0,0,0,0,0,0,0,0,0,0,1,0,0,0,0,0,0,0,0,0,1,0
160,2,0,0,0,0,0,1,0,2,0,0,0,0,1,0,3,3,2,0,2,3,1,1,2,1,1,4,1,0,0,0,0,0,0,0,0,0,0,0,0,0,1,0,0,0,0,0,0,0,1,0
161,2,0,1,0,0,0,1,0,1,0,0,0,0,0,0,3,0,1,0,3,2,0,0,0,0,2,0,0,0,0,0,0,0,0,0,0,1,0,0,0,0,0,0,0,0,0,0,1,0,0,0
162,5,0,1,0,0,1,0,0,2,0,3,2,0,2,1,1,1,2,2,2,1,1,3,2,8,8,2,0,1,0,0,1,0,0,0,0,0,0,0,0,0,0,0,0,0,0,0,1,0,0,0
163,2,1,1,1,1,1,0,0,2,1,1,2,0,1,1,1,0,2,3,3,1,2,3,2,3,3,7,0,0,0,0,0,0,0,0,0,0,0,0,1,0,0,0,0,0,0,0,0,0,1,0
164,3,4,1,0,0,1,1,0,0,1,2,2,0,2,1,1,1,2,3,3,2,2,3,2,8,8,3,0,1,0,0,0,0,0,0,0,0,0,0,1,0,0,0,0,0,0,0,0,0,1,0
165,2,0,0,0,1,1,1,0,0,0,0,0,0,1,0,0,0,2,3,2,1,1,3,0,6,4,0,3,0,0,0,0,0,0,0,0,0,0,0,1,0,0,0,0,0,0,0,0,0,1,0
166,3,1,1,0,0,1,1,0,2,0,0,1,0,2,1,0,0,1,3,0,1,2,2,1,1,0,0,0,1,0,0,0,0,0,0,0,0,0,0,1,0,0,0,0,0,0,0,0,0,1,0
167,3,0,1,0,0,0,0,0,0,0,0,1,0,2,0,1,0,1,3,2,0,2,3,2,5,5,4,4,1,0,0,0,0,0,0,0,0,0,0,0,0,0,0,1,0,0,0,0,0,1,0
168,2,1,1,1,0,1,1,0,2,0,0,3,1,1,1,3,0,2,0,2,2,1,2,2,8,9,6,0,0,0,0,0,0,0,0,0,1,0,0,0,0,0,0,0,0,0,0,0,0,1,0
169,4,1,1,1,0,0,1,0,2,1,3,1,0,2,3,0,1,1,2,1,1,1,2,1,8,8,7,6,1,0,0,0,0,0,0,0,0,0,0,0,0,0,0,1,0,0,0,0,0,0,1
170,6,0,1,0,0,0,0,0,1,2,0,1,3,0,0,0,1,0,0,2,1,0,2,0,3,0,2,0,1,0,0,0,0,1,0,0,0,0,0,0,0,0,0,0,0,0,0,0,1,0,0
171,2,2,1,0,0,0,1,0,2,1,1,2,2,2,1,0,0,3,3,0,0,2,3,2,0,5,1,0,0,0,0,0,0,0,0,0,0,0,0,1,0,0,0,0,0,0,0,0,0,0,1
172,2,0,1,0,0,1,0,0,1,0,0,1,0,2,1,0,0,2,0,3,2,1,2,1,6,3,0,0,1,0,0,0,0,0,0,0,0,0,0,0,1,0,0,0,0,1,0,0,0,0,0
173,3,0,0,0,1,0,0,0,1,0,0,1,0,1,0,0,0,0,3,1,0,0,2,1,1,7,5,1,1,0,0,0,0,0,0,0,0,0,0,1,0,0,0,0,0,0,0,0,0,1,0
174,1,0,0,1,1,1,0,0,2,1,0,0,1,2,2,1,0,2,0,2,2,1,1,2,4,2,1,1,0,0,0,0,0,0,0,0,0,0,0,0,0,0,0,0,1,0,1,0,0,0,0
175,2,0,1,0,0,0,1,0,2,0,0,0,0,1,0,0,0,1,0,3,3,1,0,0,5,6,0,1,0,0,0,0,0,0,0,0,0,0,0,0,0,1,0,0,0,0,0,0,0,1,0
176,3,0,1,0,0,1,1,0,1,0,3,0,0,0,0,3,0,1,3,1,0,0,3,3,1,0,0,0,0,0,0,0,0,0,0,0,0,0,0,0,0,0,0,1,0,0,0,0,0,1,0
177,2,0,1,0,0,1,0,0,0,1,1,0,0,1,3,2,1,3,0,3,2,1,1,3,8,6,5,2,1,0,0,0,0,0,0,0,0,0,0,0,1,0,0,0,0,0,0,0,0,0,1
178,2,2,1,1,1,1,1,0,2,1,0,3,1,1,2,0,1,2,1,3,2,1,3,1,9,4,0,3,1,0,0,0,1,0,0,0,0,0,0,0,0,0,0,0,0,0,0,0,0,1,0
179,4,0,0,0,0,1,1,0,0,0,1,2,1,2,1,0,2,0,0,3,2,1,3,0,4,6,6,4,1,0,0,0,0,0,0,0,0,0,0,0,0,0,0,1,0,0,0,0,0,1,0
180,1,0,1,0,0,0,1,0,0,1,1,1,0,0,0,1,0,2,1,2,0,1,3,3,7,3,1,5,1,0,0,0,0,0,0,0,0,0,0,0,0,0,0,1,0,0,0,0,0,1,0
181,3,0,0,0,0,0,0,0,2,0,0,2,0,0,0,0,0,1,0,3,1,0,2,1,10,3,1,0,0,0,0,0,0,0,0,0,0,0,0,0,1,0,0,0,0,0,0,1,0,0,0
182,2,0,1,0,0,0,1,0,1,2,1,2,0,3,1,0,3,3,3,3,3,3,3,1,8,8,3,0,1,0,0,0,0,0,0,0,0,0,0,0,0,0,0,1,0,0,1,0,0,0,0
183,2,1,1,0,0,0,0,0,1,0,0,1,1,2,1,0,3,3,1,2,3,2,2,2,7,6,5,4,1,0,0,0,0,0,0,0,0,0,0,0,0,1,0,0,0,1,0,0,0,0,0
184,2,0,1,1,0,1,1,0,3,0,0,1,1,2,2,3,1,3,0,2,3,2,0,1,7,2,3,5,1,0,0,0,0,0,0,0,1,0,0,0,0,0,0,0,0,0,0,0,0,1,0
185,1,0,0,0,0,1,0,0,0,2,1,2,1,1,0,1,0,2,0,3,1,1,3,1,10,3,5,10,1,0,0,0,0,0,0,0,0,0,0,0,1,0,0,0,0,1,0,0,0,0,0
186,2,0,1,0,0,1,1,0,1,2,1,1,0,2,1,0,0,1,1,3,2,2,3,0,7,5,1,2,1,0,0,0,0,0,0,0,0,0,0,0,1,0,0,0,0,0,0,0,0,1,0
187,3,1,1,1,0,0,1,0,3,0,1,0,1,2,1,0,2,0,2,1,0,2,2,0,6,8,9,5,1,1,0,0,0,0,0,0,0,0,0,0,0,0,0,0,0,0,0,0,0,1,0
188,2,2,1,0,0,0,0,0,0,0,2,0,0,0,0,0,0,0,0,3,0,0,3,0,2,9,2,1,0,0,0,0,0,0,0,0,0,0,0,0,0,0,0,1,0,0,0,0,0,1,0
189,1,0,1,1,1,0,0,0,1,0,3,1,0,0,0,0,0,1,1,2,1,0,3,3,7,4,10,2,1,0,0,0,0,0,0,0,0,0,0,0,0,0,0,1,0,0,0,0,0,1,0
190,2,0,1,1,0,1,1,0,3,1,1,3,0,1,0,0,0,2,2,1,0,1,3,3,7,5,6,0,1,0,0,0,0,0,0,0,0,0,0,0,0,0,0,1,0,0,0,0,0,1,0
191,1,0,1,0,0,1,1,0,1,1,0,0,2,2,1,3,0,1,0,2,3,2,0,1,6,1,0,0,1,0,0,0,0,0,0,0,0,0,0,0,0,1,0,0,0,0,0,0,0,1,0
192,2,0,1,1,0,1,1,0,2,2,1,3,0,0,0,1,1,0,3,1,0,0,3,3,3,6,1,1,1,0,0,0,0,0,0,0,0,0,0,0,0,0,0,0,1,0,0,0,0,1,0
193,2,1,1,0,0,1,1,0,2,1,0,1,0,2,2,1,0,1,0,2,3,3,3,1,9,10,3,0,1,0,0,0,0,0,0,0,0,0,0,0,0,1,0,0,0,1,0,0,0,0,0
194,3,0,0,1,0,1,0,0,2,2,1,2,0,1,0,0,0,0,2,2,0,1,3,0,8,5,8,9,1,0,0,0,0,0,0,0,0,0,0,0,0,0,0,1,0,0,0,0,0,1,0
195,2,1,1,0,0,0,0,0,1,3,1,0,0,1,1,0,2,0,1,3,1,0,2,0,8,7,7,3,1,0,0,0,0,0,0,0,0,0,0,0,1,0,0,0,0,0,0,1,0,0,0
196,2,2,1,0,0,1,1,0,2,1,0,2,1,1,2,1,1,1,3,2,1,1,3,2,9,9,9,3,0,0,0,0,0,0,0,0,0,0,0,0,0,0,0,1,0,0,0,0,0,1,0
197,2,2,1,0,0,1,0,0,0,3,1,2,0,1,0,0,0,0,2,2,0,1,3,0,9,8,9,7,1,0,1,0,0,0,0,0,0,0,0,0,0,0,0,0,0,0,1,0,0,0,0
198,3,2,1,0,0,1,1,0,1,2,2,2,1,3,1,1,2,2,2,3,3,3,3,2,9,3,7,8,1,0,0,0,0,0,0,0,0,0,0,0,0,0,0,1,0,0,0,0,0,1,0
199,3,0,1,0,0,1,0,0,0,1,1,1,0,2,0,1,0,2,1,2,3,1,3,1,10,8,6,2,1,0,0,0,0,0,0,0,0,0,0,0,0,0,0,1,0,0,0,0,0,0,1
200,2,1,1,0,0,1,1,0,1,0,2,2,0,1,0,1,0,2,3,2,1,1,3,2,9,6,3,0,1,0,0,0,0,0,0,0,0,0,0,0,0,0,0,1,0,0,0,0,0,1,0
201,2,0,1,0,0,0,0,0,1,0,1,1,1,1,1,0,0,1,0,3,1,1,2,2,7,7,8,3,1,0,0,0,0,0,0,0,0,0,0,0,1,0,0,0,0,0,0,0,0,0,1
202,2,1,1,0,1,1,1,0,2,0,2,2,0,0,0,0,0,1,1,1,1,0,3,1,9,10,4,0,1,0,0,0,0,0,0,0,0,0,0,0,0,0,0,1,0,0,0,0,0,1,0
203,4,1,1,0,0,1,1,0,1,1,1,3,1,2,1,0,1,2,0,1,2,2,1,2,9,9,8,2,1,0,0,0,1,0,0,0,0,0,0,0,0,0,0,0,0,0,0,1,0,0,0
204,2,1,1,0,0,0,0,0,0,1,0,3,0,1,0,0,0,0,3,1,0,0,3,1,9,10,3,9,1,0,0,0,0,0,0,0,0,0,0,0,0,0,0,1,0,0,0,0,0,1,0
205,2,2,1,1,1,1,1,0,2,1,3,1,1,1,2,2,0,1,3,2,2,1,2,2,10,9,8,8,1,0,0,0,0,0,0,0,0,0,0,1,0,0,0,0,0,0,0,0,0,1,0
206,2,2,1,0,1,0,1,0,3,0,0,1,0,0,0,0,1,0,0,1,0,0,0,1,6,5,6,8,1,1,0,0,0,0,0,0,0,0,0,0,0,0,0,0,0,0,1,0,0,0,0
207,1,0,0,0,0,0,1,0,2,0,1,0,0,3,1,1,0,1,0,2,3,2,0,1,8,6,10,3,1,0,0,0,0,0,0,0,0,0,0,0,0,1,0,0,0,0,0,0,0,1,0
208,4,0,0,0,0,1,0,0,2,1,2,1,0,2,0,0,0,0,3,2,2,2,3,1,8,3,6,4,1,0,0,0,0,0,0,0,0,0,0,1,0,0,0,0,0,0,0,0,0,0,1
209,3,0,0,1,0,1,0,0,1,0,1,1,0,1,1,0,1,1,1,3,1,1,3,1,4,2,1,3,1,0,0,0,0,0,0,0,0,0,0,0,0,0,0,1,0,0,0,0,0,1,0
210,3,0,1,0,0,1,1,0,2,1,2,1,0,2,1,1,0,0,0,3,1,1,2,1,2,1,1,1,0,0,0,0,0,0,0,0,0,0,0,0,1,0,0,0,0,0,0,0,0,1,0
211,2,1,0,0,0,1,0,0,0,3,0,0,0,0,0,0,0,0,3,3,0,2,3,1,10,10,7,3,1,0,0,0,0,0,0,0,0,0,0,0,0,0,0,1,0,0,0,0,0,1,0
212,2,1,1,0,0,1,1,0,1,0,0,2,0,3,2,0,2,2,0,3,1,3,3,3,8,9,0,0,1,0,0,0,0,0,0,0,0,0,0,0,0,0,1,0,0,0,0,0,0,1,0
213,2,0,0,0,0,0,1,0,0,0,2,0,0,1,0,2,2,1,0,3,2,1,2,1,4,9,6,2,0,0,0,0,0,0,0,0,0,0,0,0,1,0,0,0,0,0,0,0,0,1,0
214,2,2,1,0,0,1,1,0,0,0,1,3,0,1,1,0,3,1,2,3,1,2,3,1,4,2,0,0,1,0,0,0,0,0,0,0,0,0,0,0,0,0,0,1,0,0,0,0,0,1,0
215,4,1,1,0,0,1,0,0,1,2,2,2,0,3,1,0,0,2,2,2,3,3,3,0,9,2,7,7,1,0,0,0,0,0,0,0,0,0,0,0,0,0,0,1,0,0,0,0,0,1,0
216,3,0,1,0,0,1,1,0,2,1,1,2,0,2,1,1,2,3,3,2,2,2,3,3,8,6,7,5,1,0,0,0,0,0,0,0,0,0,0,1,0,0,0,0,0,0,0,0,0,1,0
217,3,0,1,1,0,1,1,0,0,2,1,3,2,1,1,1,1,1,2,1,3,1,3,1,6,5,4,2,1,0,0,0,1,0,0,0,0,0,0,0,0,0,0,0,0,0,0,0,0,1,0
218,2,1,1,0,0,1,1,0,2,1,1,3,0,1,2,0,0,2,2,3,1,1,3,2,8,5,2,3,1,0,0,0,0,0,0,0,0,0,0,0,0,0,0,1,0,0,0,0,0,1,0
219,4,3,1,1,1,0,1,0,2,1,2,1,0,1,1,0,0,0,3,1,0,1,2,3,7,6,6,1,0,0,0,0,0,0,0,0,0,0,0,0,0,0,0,0,1,0,1,0,0,0,0
220,2,1,1,1,0,1,0,0,2,0,0,1,0,0,2,0,0,1,1,2,0,0,3,1,10,2,0,0,1,0,0,0,0,0,0,0,0,0,0,0,0,0,0,1,0,0,0,0,0,1,0
221,2,0,1,0,0,1,1,0,1,0,2,0,0,0,0,3,0,0,1,2,0,0,1,0,6,0,0,0,1,0,0,0,0,0,0,0,1,0,0,0,0,0,0,0,0,0,0,0,0,1,0
222,2,2,1,0,0,0,1,0,0,2,3,1,1,2,0,3,1,1,1,3,2,2,1,2,2,0,1,0,1,0,0,0,0,0,0,0,0,0,0,0,1,0,0,0,0,0,0,0,0,1,0
223,2,5,1,0,0,1,1,0,0,0,0,0,0,2,0,3,2,0,1,3,2,2,1,0,3,7,5,2,1,0,0,0,0,0,0,0,1,0,0,0,0,0,0,0,0,0,0,0,0,0,1
224,3,3,1,0,0,1,1,0,1,1,1,2,0,0,1,1,1,3,2,3,0,1,2,2,9,0,2,0,1,0,0,0,0,0,0,0,0,0,0,0,1,0,0,0,0,0,0,0,0,0,1
225,1,0,1,0,0,1,1,0,1,1,1,1,1,2,2,2,0,0,1,3,1,2,2,0,5,4,1,1,1,0,0,0,0,0,0,0,0,0,0,0,1,0,0,0,0,0,0,0,0,1,0
226,2,0,1,0,0,0,1,0,0,1,0,3,0,1,2,0,0,1,1,1,0,0,2,3,8,4,0,1,1,0,0,0,1,0,0,0,0,0,0,0,0,0,0,0,0,0,0,0,0,1,0
227,3,0,0,0,0,0,0,0,0,3,0,0,0,2,0,0,0,0,0,3,1,2,2,1,8,10,2,0,1,0,1,0,0,0,0,0,0,0,0,0,0,0,0,0,0,0,0,1,0,0,0
228,4,0,1,0,0,1,1,0,2,0,2,1,0,1,1,0,0,1,3,1,1,1,3,0,3,6,2,1,0,0,0,0,0,0,0,0,0,0,0,1,0,0,0,0,0,1,0,0,0,0,0
229,7,1,1,0,0,0,0,0,2,1,2,1,0,1,2,1,1,0,1,2,1,1,2,1,4,4,2,1,1,0,0,0,0,0,0,0,0,0,0,0,0,0,0,1,0,0,1,0,0,0,0
230,1,0,1,1,0,1,1,0,1,0,0,2,0,2,1,0,0,0,2,3,1,2,3,1,7,5,2,6,1,0,0,0,0,0,0,0,0,0,0,0,0,0,0,1,0,0,0,0,0,1,0
231,2,2,1,0,0,1,0,0,2,0,0,1,0,1,2,0,0,0,1,2,0,1,3,0,3,2,0,0,0,0,0,0,0,0,0,0,0,0,0,0,0,0,0,1,0,0,0,0,0,0,1
232,3,1,1,1,1,1,1,0,1,3,1,2,1,3,2,1,2,2,2,2,1,2,3,0,9,9,5,1,1,0,1,0,0,0,0,0,0,0,0,0,0,0,0,0,0,0,0,0,0,1,0
233,3,0,0,0,0,0,0,0,0,0,0,0,0,2,0,0,1,0,0,2,1,1,3,0,3,10,4,1,0,0,0,0,0,0,0,0,0,0,0,0,0,0,0,1,0,0,0,1,0,0,0
234,3,2,1,0,0,1,1,0,2,1,0,3,1,0,1,0,0,2,2,1,0,0,3,0,9,0,5,0,0,0,0,0,1,0,0,0,0,0,0,0,0,0,0,0,0,0,0,0,0,1,0
235,3,0,0,1,0,1,0,0,2,2,2,1,0,1,0,0,0,1,3,3,1,2,3,2,7,6,6,5,1,0,0,0,0,0,0,0,0,0,0,1,0,0,0,0,0,0,0,0,0,1,0
236,3,2,1,0,1,1,1,0,1,0,2,3,2,1,1,2,2,3,2,3,2,0,3,3,0,9,4,0,1,0,0,0,1,0,0,0,0,0,0,0,0,0,0,0,0,0,0,0,0,1,0
237,5,0,0,0,0,1,1,0,1,0,3,2,0,2,0,1,2,0,0,3,1,2,2,0,2,2,2,1,0,0,0,0,0,0,0,0,0,0,0,0,1,0,0,0,0,0,1,0,0,0,0
238,2,2,1,1,1,1,1,0,2,1,0,1,0,0,1,0,0,0,3,1,0,0,3,0,6,9,2,1,1,0,0,0,0,0,0,0,0,0,0,1,0,0,0,0,0,0,0,0,0,1,0
239,2,0,1,0,1,1,0,0,1,1,3,1,0,2,2,2,0,1,3,3,1,2,3,1,6,4,1,0,1,0,0,1,0,0,0,0,0,0,0,0,0,0,0,0,0,0,0,0,0,1,0
240,1,1,1,1,0,1,1,0,3,1,1,2,1,3,2,3,2,3,3,3,2,1,2,1,8,9,4,0,1,0,0,0,0,0,0,0,1,0,0,0,0,0,0,0,0,1,0,0,0,0,0
241,2,0,1,1,1,1,0,0,0,0,1,1,0,1,0,0,0,1,0,1,0,1,3,0,6,7,4,3,1,0,0,0,0,0,0,0,0,0,0,0,0,0,0,1,0,0,0,0,0,1,0
242,3,2,1,1,1,1,1,0,3,0,0,1,0,0,1,0,0,0,1,2,1,0,2,0,7,2,2,0,1,1,0,0,0,0,0,0,0,0,0,0,0,0,0,0,0,0,0,0,0,1,0
243,3,2,1,0,0,1,1,0,1,1,3,1,0,2,0,0,0,1,1,2,2,2,2,2,8,6,5,6,0,0,0,1,0,0,0,0,0,0,0,0,0,0,0,0,0,0,0,0,0,0,1
244,3,0,0,0,0,0,1,0,2,1,0,0,0,1,0,0,2,0,2,1,1,1,3,2,3,10,0,0,-1,0,0,0,0,0,0,0,0,0,0,0,0,0,0,1,0,0,0,0,0,1,0
245,4,2,1,1,0,1,1,0,3,2,2,2,2,3,3,1,2,2,1,3,3,3,2,0,9,4,9,7,1,0,0,0,0,0,0,0,0,0,0,0,1,0,0,0,0,0,0,0,0,1,0
246,1,1,0,1,0,1,1,0,3,0,0,0,0,3,3,1,3,2,2,1,2,1,0,1,7,9,2,8,-1,1,0,0,0,0,0,0,0,0,0,0,0,0,0,0,0,0,0,0,0,1,0
247,2,0,0,0,0,0,1,0,0,2,3,1,0,0,0,0,0,0,1,2,0,0,3,1,10,3,1,4,1,0,0,1,0,0,0,0,0,0,0,0,0,0,0,0,0,1,0,0,0,0,0
248,2,0,0,1,1,0,1,0,1,0,0,0,0,0,1,0,0,0,3,0,0,1,2,1,0,0,0,1,0,0,0,0,0,0,0,0,0,0,0,1,0,0,0,0,0,0,0,0,0,1,0
249,1,0,1,0,0,0,0,0,0,0,3,0,0,2,0,0,0,0,0,1,1,2,0,1,9,6,1,7,0,0,0,1,0,0,0,0,0,0,0,0,0,0,0,0,0,0,0,0,0,1,0
250,1,1,1,0,1,1,0,0,1,1,3,1,0,1,1,0,0,3,1,2,0,1,1,3,7,1,3,5,1,0,0,0,0,0,0,0,0,0,1,0,0,0,0,0,0,0,0,0,0,1,0
251,2,0,1,1,0,0,1,0,2,0,3,0,0,2,0,2,0,0,0,2,0,0,2,2,9,7,5,7,1,0,0,1,0,0,0,0,0,0,0,0,0,0,0,0,0,0,0,0,0,1,0
252,2,2,1,0,0,1,1,0,0,0,2,2,0,1,0,2,2,0,0,3,3,2,1,0,3,1,2,7,1,0,0,0,0,0,0,0,0,0,0,0,0,0,1,0,0,0,0,1,0,0,0
253,2,1,1,0,0,1,1,0,1,0,2,1,0,3,1,0,2,1,2,3,2,3,2,1,6,6,8,0,1,0,0,0,0,0,1,0,0,0,0,0,0,0,0,0,0,0,0,0,0,1,0
254,1,2,1,0,0,1,1,0,1,0,3,1,0,0,0,0,0,2,1,3,0,0,3,2,10,6,0,4,1,0,0,0,0,0,0,0,0,0,0,0,0,0,0,1,0,0,1,0,0,0,0
255,1,0,1,1,0,0,1,0,1,2,2,0,0,0,1,0,0,0,1,2,1,1,2,3,6,3,1,1,1,0,0,0,0,0,0,0,0,0,0,0,0,0,0,0,1,0,1,0,0,0,0
256,2,0,1,0,0,1,1,0,1,0,1,2,0,1,0,0,0,2,0,1,0,0,1,3,3,3,0,7,0,0,0,0,0,0,0,0,0,0,0,0,0,0,0,0,1,0,0,0,0,0,1
257,2,4,1,0,0,1,1,0,0,1,1,0,0,3,0,1,0,0,3,2,2,3,3,2,9,10,2,2,0,0,0,0,0,0,0,0,0,0,0,1,0,0,0,0,0,0,0,0,0,1,0
258,2,0,1,0,0,0,1,0,1,0,2,1,0,1,2,2,2,2,0,3,3,2,3,3,7,5,0,2,0,0,0,0,0,0,0,0,0,0,0,0,1,0,0,0,0,0,0,0,0,1,0
259,3,0,0,0,0,1,0,0,3,0,2,1,0,0,1,0,0,0,2,1,0,0,3,1,3,0,4,4,0,1,0,0,0,0,0,0,0,0,0,0,0,0,0,0,0,1,0,0,0,0,0
260,3,0,0,0,0,0,1,0,1,0,0,2,0,1,0,0,1,0,0,1,0,2,3,0,9,9,6,4,1,0,0,0,0,0,0,0,0,0,0,0,0,0,0,1,0,0,0,0,0,0,1
261,2,0,1,1,0,1,1,0,2,0,1,0,0,0,0,0,0,0,3,1,0,1,3,2,5,7,7,2,1,0,0,0,0,0,0,0,0,0,0,1,0,0,0,0,0,0,1,0,0,0,0
262,2,1,1,0,0,1,0,0,1,3,0,2,1,1,0,0,0,0,1,2,0,0,3,2,0,8,0,5,1,0,1,0,0,0,0,0,0,0,0,0,0,0,0,0,0,0,0,0,0,1,0
263,2,1,0,0,0,1,1,0,1,3,1,2,0,2,1,2,0,0,0,3,3,1,2,0,8,4,3,4,1,0,1,0,0,0,0,0,0,0,0,0,0,0,0,0,0,0,0,0,0,1,0
264,2,0,1,0,0,1,0,0,1,3,1,2,1,0,0,0,1,1,2,1,0,0,2,0,7,2,0,7,0,0,1,0,0,0,0,0,0,0,0,0,0,0,0,0,0,0,0,0,0,1,0
265,2,0,0,0,0,0,1,0,1,0,0,1,0,1,1,0,0,1,1,3,1,1,3,3,9,9,6,9,0,0,0,0,0,0,0,0,0,0,0,0,1,0,0,0,0,0,1,0,0,0,0
266,3,3,1,1,0,1,1,0,3,0,1,1,0,0,2,0,0,0,0,0,0,0,1,1,5,7,5,4,1,1,0,0,0,0,0,0,0,0,0,0,0,0,0,0,0,0,0,0,0,1,0
267,2,0,1,1,0,1,1,0,3,1,1,2,0,1,0,2,0,1,3,3,2,3,2,3,5,1,0,0,1,0,0,0,0,0,0,0,0,0,0,0,1,0,0,0,0,0,0,0,0,1,0
268,3,0,0,0,1,1,1,0,3,0,0,2,0,1,0,0,1,0,0,0,0,0,2,0,4,1,3,0,1,0,0,0,1,0,0,0,0,0,0,0,0,0,0,0,0,0,0,0,0,0,1
269,2,0,0,0,0,1,0,0,1,0,0,1,0,0,0,0,0,1,1,3,0,0,2,0,3,5,3,0,1,0,0,0,0,0,0,0,0,0,0,0,1,0,0,0,0,0,0,0,0,0,1
270,2,2,1,1,0,1,0,0,2,1,0,0,0,1,2,0,0,0,3,2,2,1,3,0,2,2,0,6,1,0,0,0,0,0,0,0,0,0,0,0,0,0,0,1,0,0,0,0,0,1,0
271,2,2,1,0,0,1,1,0,1,0,3,2,0,2,1,0,2,3,3,1,0,3,2,1,0,1,3,5,1,0,0,1,0,0,0,0,0,0,0,0,0,0,0,0,0,0,0,1,0,0,0
272,2,1,1,0,0,1,1,0,1,2,2,0,0,2,0,1,0,2,3,3,3,3,3,1,7,8,6,2,1,0,0,0,0,0,0,0,0,0,0,1,0,0,0,0,0,0,0,0,0,1,0
273,2,3,1,0,1,1,0,0,2,1,3,1,1,3,3,1,1,3,3,1,1,2,3,3,6,4,8,8,1,0,0,0,0,0,0,0,0,0,0,0,0,0,0,0,1,0,1,0,0,0,0
274,2,0,0,0,0,0,0,0,1,0,0,0,0,0,0,0,0,2,1,3,1,0,3,1,5,6,8,2,1,0,0,0,0,0,0,0,0,0,0,0,0,0,0,1,0,0,0,1,0,0,0
275,1,1,0,0,0,0,0,0,1,1,2,1,1,2,1,0,0,3,1,3,0,0,3,3,6,6,2,6,0,0,0,0,0,0,0,0,0,0,0,0,0,0,0,0,1,0,0,0,0,1,0
276,1,2,1,0,0,0,1,0,0,0,1,0,1,3,0,0,0,1,1,1,1,3,1,1,8,9,3,4,1,0,0,0,0,0,1,0,0,0,0,0,0,0,0,0,0,0,0,0,0,1,0
277,2,0,0,1,1,0,1,0,3,0,0,1,1,0,0,0,2,0,0,0,0,0,0,3,8,4,3,3,-1,0,0,0,0,0,0,0,0,0,0,0,0,0,0,0,1,0,1,0,0,0,0
278,1,1,1,1,1,1,1,0,2,0,2,1,0,1,2,2,0,3,0,2,1,1,0,3,8,6,5,7,1,0,0,0,0,0,0,0,0,0,0,0,0,0,0,0,1,0,0,0,0,1,0
279,2,1,1,0,0,1,1,0,2,1,0,1,1,1,0,0,0,0,3,2,1,1,3,0,8,8,7,7,1,0,0,0,0,0,0,0,0,0,0,1,0,0,0,0,0,0,0,0,0,1,0
280,1,4,1,0,1,0,0,0,1,0,2,0,0,2,1,0,0,3,2,0,0,2,1,3,5,2,5,0,1,0,0,0,0,0,0,0,0,0,0,0,0,0,0,0,1,0,0,1,0,0,0
281,2,0,1,1,1,1,0,0,3,0,1,1,0,2,2,0,1,1,1,2,2,2,3,2,6,8,4,2,0,0,0,0,0,0,0,0,0,0,0,0,0,0,0,1,0,0,0,0,0,1,0
282,3,0,1,0,0,0,0,0,1,0,0,1,0,0,2,1,0,2,1,2,1,0,3,1,7,5,2,1,0,0,0,0,0,0,0,0,0,0,0,0,0,0,0,1,0,1,0,0,0,0,0
283,2,2,1,0,0,1,1,0,2,1,3,1,1,1,3,2,0,2,2,2,2,1,3,2,8,8,7,1,1,0,0,0,0,0,0,1,0,0,0,0,0,0,0,0,0,0,0,0,0,1,0
284,2,0,1,1,0,1,1,0,1,0,3,0,0,1,0,1,0,0,1,2,1,1,3,2,10,2,0,0,1,0,0,0,0,0,0,0,0,0,0,0,0,0,0,1,0,0,0,0,0,1,0
285,3,0,1,1,1,1,1,0,2,1,3,0,0,2,3,3,2,2,2,3,3,1,2,2,8,7,7,5,1,0,0,0,0,0,0,0,0,0,0,0,1,0,0,0,0,0,0,0,0,1,0
286,2,2,1,0,0,1,1,0,1,0,1,1,0,1,0,1,0,1,2,3,1,2,3,3,8,8,8,6,1,0,0,0,0,0,0,0,0,0,0,0,0,0,0,1,0,0,0,0,0,1,0
287,1,1,1,1,1,1,0,0,1,1,0,2,0,2,3,0,1,0,2,3,3,3,3,0,8,10,9,2,1,0,0,0,0,0,0,0,0,0,0,0,1,0,0,0,0,1,0,0,0,0,0
288,2,1,1,0,0,0,1,0,2,1,0,2,1,2,1,1,0,1,2,2,1,2,3,2,6,1,8,4,0,0,0,0,0,0,0,0,0,0,0,0,0,0,0,1,0,0,0,1,0,0,0
289,4,1,1,0,0,1,1,0,2,0,0,0,0,0,1,0,0,1,2,2,1,0,2,0,0,4,4,0,1,0,0,0,0,0,0,0,0,0,0,0,0,0,0,1,0,0,0,1,0,0,0
290,3,8,1,0,0,1,1,0,2,1,2,1,0,1,0,2,1,2,3,1,0,1,3,2,8,10,10,8,0,0,0,0,0,0,0,0,0,0,0,0,0,0,0,1,0,0,0,0,0,1,0
291,2,0,0,0,0,1,0,0,1,1,0,1,1,2,0,0,0,0,0,3,1,2,2,1,3,2,0,1,0,0,0,0,0,0,0,0,0,0,0,0,1,0,0,0,0,0,0,0,0,1,0
292,1,1,0,1,1,1,0,0,0,0,0,0,0,0,1,0,0,1,3,0,0,1,3,2,5,3,3,1,1,0,0,0,0,0,0,0,0,0,0,1,0,0,0,0,0,0,0,0,0,1,0
293,2,0,0,0,0,1,1,0,2,1,0,2,0,2,0,0,0,0,2,2,1,1,3,1,8,9,6,1,1,0,0,0,0,0,0,0,0,0,0,0,0,0,0,1,0,0,0,0,0,1,0
294,2,0,0,1,0,0,1,0,1,1,1,1,1,1,1,1,1,1,1,1,1,1,1,1,10,3,0,10,0,0,0,0,0,0,0,1,0,0,0,0,0,0,0,0,0,0,0,0,0,1,0
295,1,2,1,1,0,1,0,0,0,0,1,0,0,0,0,0,0,0,3,1,0,1,2,0,6,7,8,2,1,0,0,0,0,0,0,0,0,0,0,1,0,0,0,0,0,0,1,0,0,0,0
296,2,1,1,1,0,1,0,0,2,1,0,0,0,1,2,0,0,1,3,1,0,1,3,2,7,4,7,0,1,0,0,0,0,0,0,0,0,0,0,1,0,0,0,0,0,1,0,0,0,0,0
297,1,1,1,1,0,1,0,0,0,1,0,1,0,0,0,0,2,0,1,1,1,1,3,1,9,8,6,2,1,0,0,0,0,0,0,0,0,0,0,0,0,0,0,1,0,0,0,0,0,1,0
298,1,0,0,0,0,0,1,0,2,0,1,0,0,1,1,0,0,0,0,2,0,0,3,2,8,0,0,0,1,0,0,0,0,0,0,0,0,0,0,0,0,0,0,1,0,0,0,0,0,1,0
299,2,3,1,1,1,1,0,0,0,3,0,2,0,1,0,0,0,0,0,1,1,1,2,0,8,9,2,5,0,0,1,0,0,0,0,0,0,0,0,0,0,0,0,0,0,1,0,0,0,0,0
300,3,0,1,0,0,1,1,0,1,1,0,1,0,2,0,0,0,0,3,0,0,2,2,2,7,2,3,0,1,0,0,0,0,0,0,0,0,0,0,1,0,0,0,0,0,0,0,0,0,1,0
301,2,1,1,1,1,1,1,0,0,3,1,2,0,1,2,0,3,0,1,2,3,2,3,0,10,10,4,0,1,0,0,0,0,0,0,0,0,0,0,0,0,0,0,1,0,0,0,0,0,1,0
302,2,1,1,0,0,1,1,0,0,0,1,0,0,3,1,0,0,2,0,3,3,3,3,0,8,8,3,3,1,0,0,0,0,0,1,0,0,0,0,0,0,0,0,0,0,0,0,0,0,1,0
303,2,2,1,1,0,1,1,0,1,0,2,0,0,3,2,0,0,2,3,1,2,3,2,2,8,7,7,4,1,0,0,0,0,0,0,0,0,0,0,1,0,0,0,0,0,1,0,0,0,0,0
304,3,0,1,0,1,1,1,0,1,0,2,0,0,1,1,0,0,0,1,3,3,3,3,0,8,7,1,2,1,0,0,0,0,0,0,0,0,0,0,0,0,0,0,1,0,1,0,0,0,0,0
305,6,0,1,0,0,0,0,0,0,1,0,1,0,0,0,0,0,0,0,2,2,0,2,0,6,5,10,2,0,0,0,0,0,0,0,0,0,0,0,0,1,0,0,0,0,0,1,0,0,0,0
306,1,0,1,1,0,1,0,0,2,0,0,0,0,1,1,0,0,1,0,3,1,1,0,1,7,6,0,4,1,0,0,0,0,0,0,0,0,0,0,0,1,0,0,0,0,0,0,0,0,1,0
307,2,0,1,0,0,0,0,0,1,1,2,0,0,0,1,0,0,0,0,3,0,0,1,1,7,4,0,0,1,0,0,0,0,0,0,0,0,0,0,0,1,0,0,0,0,0,0,0,0,1,0
308,2,1,1,0,0,1,1,0,2,2,1,1,0,2,0,1,0,1,0,3,1,1,3,1,8,7,2,10,0,0,0,0,0,0,0,0,0,0,0,0,1,0,0,0,0,0,0,0,0,1,0
309,3,0,1,0,0,1,1,0,0,0,3,0,0,2,0,0,0,0,1,0,0,2,0,0,4,4,4,0,1,0,0,1,0,0,0,0,0,0,0,0,0,0,0,0,0,0,0,0,0,1,0
310,5,0,1,0,0,1,0,0,1,1,2,3,0,2,1,0,0,2,1,2,2,2,1,1,0,0,2,0,0,0,0,0,1,0,0,0,0,0,0,0,0,0,0,0,0,0,0,0,0,1,0
311,2,0,1,1,1,1,1,0,1,2,3,2,1,2,2,1,1,2,3,2,2,3,2,3,6,4,0,1,1,0,0,1,0,0,0,0,0,0,0,0,0,0,0,0,0,0,0,0,0,1,0
312,3,0,0,0,0,1,0,0,0,1,2,1,0,2,0,0,0,2,1,2,2,2,2,0,4,7,0,0,1,0,0,0,0,0,0,0,0,0,0,0,0,0,0,1,0,0,0,0,0,1,0
313,3,0,0,0,0,0,0,0,1,2,0,2,0,0,0,0,1,0,2,3,1,0,3,0,8,4,3,0,0,0,0,0,0,0,0,0,0,0,0,0,0,0,0,1,0,0,1,0,0,0,0
314,2,2,1,0,0,1,0,0,0,3,0,1,0,2,0,0,1,0,2,0,0,2,3,1,5,5,3,3,1,0,1,0,0,0,0,0,0,0,0,0,0,0,0,0,0,0,0,0,0,0,1
315,1,0,1,0,0,1,1,0,0,1,2,2,1,1,2,1,1,1,3,3,2,2,3,2,0,8,0,0,1,0,0,0,0,0,0,0,0,0,0,0,0,0,0,1,0,0,0,0,0,1,0
316,2,1,1,1,0,1,0,0,1,0,0,1,0,0,0,0,0,0,1,3,1,0,3,0,7,4,6,1,1,0,0,0,0,0,0,0,0,0,0,0,0,0,0,1,0,0,0,0,0,1,0
317,1,0,1,0,0,1,1,0,3,0,1,1,0,0,0,0,3,1,1,2,2,1,3,1,8,7,7,3,0,0,0,0,0,0,0,0,0,0,0,0,0,0,0,1,0,0,0,0,0,1,0
318,2,1,1,0,0,0,0,0,2,2,1,1,0,0,0,0,0,0,3,2,2,0,3,2,9,8,6,2,1,0,0,0,0,0,0,0,0,0,0,1,0,0,0,0,0,0,0,0,0,1,0
319,1,1,1,0,1,1,0,0,0,0,1,0,0,1,0,2,0,3,2,3,2,1,3,0,8,6,4,0,1,0,0,0,0,0,0,0,0,0,0,0,0,0,0,1,0,0,0,0,0,1,0
320,1,4,1,0,0,1,0,0,0,0,1,0,0,2,0,0,0,2,0,1,1,3,0,1,7,2,0,8,1,0,0,0,0,0,0,0,0,0,0,0,0,0,1,0,0,0,0,0,0,1,0
321,4,1,1,0,0,0,1,0,3,1,0,1,0,0,2,0,1,0,3,2,1,0,3,0,6,7,7,7,0,0,0,0,0,0,0,0,0,0,0,0,0,0,0,1,0,0,0,0,0,1,0
322,2,1,0,0,0,1,0,0,1,0,2,2,0,1,0,0,0,1,1,2,0,0,3,2,7,6,4,2,1,0,0,0,0,0,0,0,0,0,0,0,0,0,0,1,0,1,0,0,0,0,0
323,1,1,1,0,0,1,1,0,2,2,2,1,1,3,1,3,0,3,0,3,3,3,3,1,1,1,1,0,1,0,0,0,0,0,0,0,0,0,0,0,1,0,0,0,0,0,0,0,0,1,0
324,6,0,1,0,0,1,0,0,1,0,3,1,0,1,2,1,1,1,0,3,3,1,2,0,1,1,3,0,1,0,0,0,0,0,0,0,0,0,0,0,1,0,0,0,0,0,0,0,0,0,1
325,2,0,1,1,1,1,0,0,1,1,0,1,1,2,2,0,1,1,0,3,3,2,2,1,2,7,1,2,1,0,0,0,0,0,0,0,0,0,0,0,1,0,0,0,0,0,0,0,0,1,0
326,1,1,1,0,0,1,1,0,2,1,0,0,0,3,2,3,1,0,0,3,1,3,2,1,6,2,3,1,0,0,0,0,0,0,0,0,0,0,0,0,1,0,0,0,0,1,0,0,0,0,0
327,3,0,0,0,0,0,0,0,0,0,0,0,0,0,0,0,0,0,1,3,0,2,2,1,7,7,3,2,0,0,0,0,0,0,0,0,0,0,0,0,1,0,0,0,0,0,0,0,0,1,0
328,2,2,1,1,0,0,0,0,2,0,2,0,0,1,1,1,0,2,1,2,1,2,2,2,8,7,0,3,0,0,0,0,0,0,0,0,0,0,0,0,0,0,0,0,1,0,0,0,0,1,0
329,1,2,1,0,0,0,0,0,1,0,2,1,0,2,1,0,0,1,1,2,2,0,3,2,8,3,5,2,1,0,0,0,0,0,0,0,0,0,0,0,0,0,0,1,0,0,0,0,0,1,0
330,2,1,1,1,1,1,0,0,1,1,3,2,1,2,1,0,0,1,2,2,2,2,3,3,5,4,2,0,1,0,0,1,0,0,0,0,0,0,0,0,0,0,0,0,0,0,0,0,0,1,0
331,2,2,1,0,0,1,1,0,3,1,2,2,1,1,2,1,1,3,1,3,3,1,3,3,7,10,10,1,1,0,0,0,0,0,0,0,0,0,1,0,0,0,0,0,0,0,0,0,0,1,0
332,2,2,1,0,0,1,1,0,1,3,0,3,2,1,2,0,3,1,0,2,2,1,2,0,7,6,8,4,1,0,1,0,0,0,0,0,0,0,0,0,0,0,0,0,0,0,0,0,0,1,0
333,3,2,1,0,0,0,0,0,0,1,2,0,0,1,1,0,0,0,0,2,1,1,3,1,8,7,0,9,1,0,0,0,0,0,0,0,0,0,0,0,0,0,0,1,0,0,0,0,0,1,0
334,4,2,1,0,0,1,1,0,2,2,2,2,1,2,2,0,2,2,1,2,2,2,3,1,10,7,3,3,0,0,0,0,0,0,0,0,0,0,0,0,0,0,0,1,0,0,0,0,0,1,0
335,2,1,1,0,0,1,0,0,0,3,1,2,1,2,0,0,0,0,1,2,1,2,2,0,6,5,5,3,1,0,1,0,0,0,0,0,0,0,0,0,0,0,0,0,0,0,0,0,0,1,0
336,2,4,1,0,0,1,1,0,1,0,3,2,0,1,1,1,1,2,2,3,2,1,3,3,8,7,6,8,0,0,0,0,0,0,0,0,0,0,0,0,0,0,0,1,0,0,0,0,0,1,0
337,2,0,1,0,0,1,1,0,2,0,3,0,0,1,1,2,0,2,0,3,1,2,2,3,10,7,7,3,-1,0,0,0,0,0,0,0,0,0,0,0,0,0,0,0,1,0,0,0,0,1,0
338,2,0,1,0,0,0,1,0,1,1,3,1,1,1,0,0,0,2,1,2,1,1,2,3,10,10,5,7,0,0,0,1,0,0,0,0,0,0,0,0,0,0,0,0,0,0,0,0,0,0,1
339,3,1,0,1,0,1,0,0,2,2,0,2,0,0,1,0,0,1,0,1,0,0,2,2,8,2,2,8,0,0,0,0,1,0,0,0,0,0,0,0,0,0,0,0,0,0,0,0,0,1,0
340,2,0,0,0,0,0,0,0,0,0,0,0,0,2,2,0,0,2,0,3,0,2,2,0,3,7,4,0,1,0,0,0,0,0,1,0,0,0,0,0,0,0,0,0,0,0,0,0,0,1,0
341,2,4,1,0,0,1,0,0,0,1,0,0,0,1,0,0,0,0,0,2,1,0,2,0,9,7,5,5,1,0,0,0,0,0,0,0,0,0,0,0,1,0,0,0,0,0,1,0,0,0,0
342,2,0,1,0,0,0,1,0,0,0,1,0,0,2,1,0,1,0,0,3,0,1,2,3,5,3,0,0,1,0,0,0,0,0,0,0,0,0,0,0,0,0,0,0,1,0,1,0,0,0,0
343,2,1,1,1,1,1,1,0,1,1,0,3,0,2,2,0,0,0,3,3,3,2,3,0,10,7,0,10,1,0,0,0,0,0,0,0,0,0,0,0,0,0,0,1,0,0,0,0,0,1,0
344,1,1,1,0,0,0,0,0,0,2,0,3,0,0,0,0,0,0,0,3,0,0,0,0,8,0,0,3,1,0,0,0,1,0,0,0,0,0,0,0,0,0,0,0,0,0,0,0,0,1,0
345,2,1,1,0,0,1,1,0,2,1,1,2,0,1,0,3,0,2,0,3,3,3,3,0,6,0,3,0,1,0,0,0,0,0,0,0,1,0,0,0,0,0,0,0,0,0,0,0,0,1,0
346,3,0,1,1,0,0,0,0,2,0,1,0,0,0,1,0,0,1,2,1,0,0,2,1,7,9,4,6,1,0,0,0,0,0,0,0,0,0,0,0,0,0,0,1,0,0,0,0,0,0,1
347,2,6,1,0,1,1,1,0,2,2,2,2,2,3,3,3,3,3,3,3,3,3,3,1,3,2,5,6,1,0,0,0,0,0,0,1,0,0,0,0,0,0,0,0,0,0,0,0,0,1,0
348,1,2,1,1,0,1,1,0,3,1,0,0,0,1,2,1,0,2,0,3,0,0,0,1,4,2,0,0,1,1,0,0,0,0,0,0,0,0,0,0,0,0,0,0,0,0,0,0,0,0,1
349,1,1,1,0,0,1,1,0,1,0,3,0,0,3,2,3,0,1,2,3,1,3,3,3,4,2,0,0,1,0,0,1,0,0,0,0,0,0,0,0,0,0,0,0,0,0,0,0,0,1,0
350,2,0,0,0,0,1,0,0,1,0,0,2,0,0,0,0,0,0,0,2,1,0,3,0,5,3,1,0,0,0,0,0,0,0,0,0,0,0,0,0,0,0,0,1,0,0,0,0,0,0,1
351,2,2,1,0,0,1,1,0,1,2,2,0,0,1,1,3,1,0,0,3,3,1,1,1,4,2,2,1,1,0,0,0,0,0,0,0,1,0,0,0,0,0,0,0,0,0,0,0,0,1,0
352,1,0,0,1,0,1,1,0,3,2,0,3,2,3,2,2,0,3,2,1,3,3,2,3,4,0,6,5,0,0,0,0,0,0,0,0,0,0,0,0,0,0,1,0,0,0,0,0,0,0,1
353,1,0,1,0,0,1,1,0,0,0,0,0,0,1,0,1,0,0,3,3,0,3,3,3,7,6,3,1,1,0,0,0,0,0,0,0,0,0,0,0,1,0,0,0,0,0,0,0,0,1,0
354,2,0,1,0,0,1,1,0,2,1,2,1,0,3,3,1,2,3,0,2,1,2,3,2,7,8,6,2,1,0,0,0,0,0,0,0,0,0,1,0,0,0,0,0,0,0,0,0,0,1,0
355,2,0,1,0,0,0,1,0,2,1,3,1,2,2,2,3,1,3,3,3,2,2,3,3,3,4,1,1,1,0,0,0,0,0,0,0,0,0,0,0,0,0,0,0,1,0,0,1,0,0,0
356,2,0,1,1,0,1,0,0,1,1,3,0,1,0,3,1,1,0,2,1,2,0,3,2,9,7,2,1,1,0,0,0,0,0,0,1,0,0,0,0,0,0,0,0,0,0,0,0,0,1,0
357,1,4,1,1,0,1,1,0,1,1,3,2,0,1,2,1,0,1,1,3,2,2,2,2,10,9,3,2,1,0,0,1,0,0,0,0,0,0,0,0,0,0,0,0,0,0,0,0,0,1,0
358,2,0,1,0,0,1,1,0,1,1,1,1,2,1,2,0,1,1,3,2,1,1,3,2,9,9,7,3,1,0,0,0,0,0,0,0,0,0,0,1,0,0,0,0,0,0,0,0,0,0,1
359,1,6,1,1,1,1,0,0,1,0,3,0,0,1,1,0,0,1,2,2,0,3,3,2,8,10,9,2,1,0,0,1,0,0,0,0,0,0,0,0,0,0,0,0,0,0,0,0,0,1,0
360,2,0,0,0,0,1,1,0,2,1,2,0,0,2,2,0,0,2,2,1,1,1,2,2,8,9,6,4,1,0,0,0,0,0,0,0,0,0,0,1,0,0,0,0,0,0,1,0,0,0,0
361,1,1,1,0,0,1,0,0,0,1,1,0,2,2,0,0,0,0,3,0,1,2,3,0,5,6,9,9,1,0,0,0,0,0,0,0,0,0,0,1,0,0,0,0,0,0,0,0,0,1,0
362,3,0,1,0,0,1,0,0,0,0,0,0,0,0,0,0,0,0,3,2,0,0,3,0,9,3,7,2,1,0,0,0,0,0,0,0,0,0,0,1,0,0,0,0,0,0,1,0,0,0,0
363,2,1,1,0,0,1,0,0,0,1,3,1,0,3,0,0,0,0,0,2,2,3,2,0,3,2,1,6,1,0,0,0,0,0,1,0,0,0,0,0,0,0,0,0,0,0,0,0,0,1,0
364,1,0,1,0,0,1,0,0,0,0,0,3,0,1,0,0,0,0,2,3,0,1,2,0,7,7,4,0,1,0,0,0,1,0,0,0,0,0,0,0,0,0,0,0,0,0,0,0,0,1,0
365,2,0,1,0,0,1,0,0,1,2,2,2,0,2,1,1,1,1,1,3,0,2,3,3,7,9,1,2,1,0,0,0,0,0,0,0,0,0,0,0,0,0,0,1,0,0,0,0,0,1,0
366,1,10,1,0,0,1,1,0,0,0,1,0,0,0,0,1,1,1,1,1,1,1,2,1,5,1,9,1,1,0,0,0,0,0,0,0,0,0,0,0,0,0,0,1,0,0,0,0,0,1,0
367,4,0,1,0,0,1,0,0,2,0,0,2,1,2,1,0,0,1,0,3,1,1,2,0,3,3,0,0,1,0,0,0,0,0,0,0,0,0,0,0,1,0,0,0,0,0,0,0,0,1,0
368,3,0,1,1,0,1,0,0,3,2,1,3,2,2,2,1,2,1,3,3,2,1,3,3,8,7,5,4,1,1,0,0,0,0,0,0,0,0,0,0,0,0,0,0,0,0,0,0,1,0,0
369,1,0,1,1,0,1,1,0,3,0,1,0,0,1,1,3,0,1,0,3,0,1,0,3,8,2,1,1,1,0,0,0,0,0,0,0,0,0,0,0,1,0,0,0,0,0,0,0,0,0,1
370,3,1,1,0,0,1,1,0,1,1,2,0,0,2,0,2,1,2,3,2,1,3,3,3,4,0,0,0,1,0,0,0,0,0,0,0,0,0,0,1,0,0,0,0,0,0,0,0,0,1,0
371,2,1,1,1,0,0,1,0,3,0,0,0,1,1,0,0,2,1,2,1,0,1,0,0,9,6,1,1,1,1,0,0,0,0,0,0,0,0,0,0,0,0,0,0,0,0,0,0,0,1,0
372,2,0,1,0,0,1,1,0,1,0,1,0,1,3,1,3,2,0,0,2,3,3,0,0,10,7,2,0,1,0,0,0,0,0,1,0,0,0,0,0,0,0,0,0,0,0,0,0,0,1,0
373,1,2,1,0,0,0,0,0,0,0,0,0,0,0,0,0,0,2,0,3,0,0,3,2,8,7,7,4,1,0,0,0,0,0,0,0,0,0,0,0,0,0,0,1,0,1,0,0,0,0,0
374,2,2,1,0,0,1,0,0,2,0,0,0,0,0,0,0,0,0,3,1,0,0,3,2,1,0,0,0,1,0,0,0,0,0,0,0,0,0,0,1,0,0,0,0,0,0,0,0,0,1,0
375,1,1,1,0,0,1,1,0,2,0,2,0,0,1,1,1,0,1,2,2,2,2,3,2,5,7,1,4,1,0,0,0,0,0,0,0,0,0,0,0,0,0,0,1,0,0,0,0,0,0,1
376,7,2,1,0,1,1,0,0,2,1,0,1,2,2,3,2,0,1,2,1,2,1,3,0,7,6,9,2,1,0,0,0,0,0,0,0,0,0,0,0,0,0,0,1,0,0,0,1,0,0,0
377,3,1,1,1,1,1,1,0,2,1,1,2,0,2,2,1,1,3,3,2,1,2,2,2,8,8,2,2,1,0,0,0,0,0,0,0,0,0,1,0,0,0,0,0,0,1,0,0,0,0,0
378,3,1,1,1,0,0,1,0,3,2,2,2,0,0,3,1,1,0,3,1,0,1,3,1,2,2,8,0,0,0,0,0,0,0,0,0,0,0,0,0,0,0,0,1,0,0,1,0,0,0,0
379,1,0,1,1,0,1,0,0,1,2,0,0,0,0,0,1,3,0,0,3,2,2,0,0,6,0,0,2,1,0,0,0,0,0,0,0,0,0,0,0,1,0,0,0,0,0,0,0,1,0,0
380,3,1,1,0,0,1,1,0,3,3,0,1,0,1,0,0,0,0,3,2,0,1,3,1,2,0,1,0,1,0,0,0,0,0,0,0,0,0,0,1,0,0,0,0,0,0,0,0,0,0,1
381,2,0,1,0,0,1,0,0,1,1,0,2,0,0,1,0,0,0,1,2,1,0,3,2,6,2,6,7,0,0,0,0,0,0,0,0,0,0,0,0,0,0,0,1,0,0,1,0,0,0,0
382,2,0,1,0,0,1,1,0,1,3,0,1,3,3,2,1,0,1,0,3,3,3,3,2,6,1,0,5,1,0,0,0,0,0,0,0,0,0,0,0,1,0,0,0,0,0,1,0,0,0,0
383,2,1,0,1,0,1,0,0,3,1,0,1,1,2,1,0,0,0,1,2,0,0,3,2,7,6,4,0,1,1,0,0,0,0,0,0,0,0,0,0,0,0,0,0,0,1,0,0,0,0,0
384,1,0,1,1,1,0,0,0,3,0,0,0,0,0,0,0,0,1,0,1,0,0,0,0,0,0,3,0,1,1,0,0,0,0,0,0,0,0,0,0,0,0,0,0,0,0,0,0,0,0,1
385,1,1,1,1,1,0,0,0,3,1,0,0,1,0,0,0,0,0,0,3,0,0,0,1,9,7,10,6,0,1,0,0,0,0,0,0,0,0,0,0,0,0,0,0,0,0,0,1,0,0,0
386,1,0,0,0,0,0,1,0,0,0,0,0,0,0,0,0,0,3,0,0,0,0,0,3,10,0,0,0,0,0,0,0,0,0,0,0,0,0,0,0,0,0,0,0,1,0,0,1,0,0,0
387,1,0,1,1,0,1,0,0,1,1,3,1,1,2,2,2,1,2,1,3,2,2,2,2,6,6,3,0,1,0,0,0,0,0,0,0,0,0,0,0,1,0,0,0,0,0,0,0,0,1,0
388,3,0,1,0,0,1,0,0,1,1,3,1,1,1,1,1,0,2,3,2,1,1,2,3,4,3,1,6,1,0,0,0,0,0,0,0,0,0,0,1,0,0,0,0,0,0,0,0,0,1,0
389,2,0,1,1,0,0,1,0,0,0,0,0,0,1,0,0,0,0,0,0,0,1,1,1,6,2,2,1,0,0,0,0,0,0,0,0,0,0,0,0,1,0,0,0,0,0,0,0,0,1,0
390,6,2,1,0,0,0,0,0,3,2,0,0,0,2,1,1,1,0,1,2,2,1,1,0,2,2,3,2,1,1,0,0,0,0,0,0,0,0,0,0,0,0,0,0,0,0,1,0,0,0,0
391,2,2,1,0,0,1,1,0,0,1,1,0,0,1,1,3,1,1,0,3,1,2,2,0,7,4,5,6,1,0,0,0,0,0,0,0,1,0,0,0,0,0,0,0,0,0,0,0,0,1,0
392,1,0,1,1,0,1,0,0,3,0,0,0,0,1,0,0,0,1,2,2,0,1,3,1,7,5,3,2,1,1,0,0,0,0,0,0,0,0,0,0,0,0,0,0,0,0,0,0,0,1,0
393,1,1,1,1,1,1,0,0,3,0,2,1,0,0,1,1,0,0,1,3,0,0,2,2,8,5,10,3,1,1,0,0,0,0,0,0,0,0,0,0,0,0,0,0,0,0,0,1,0,0,0
394,2,3,1,0,1,1,0,0,0,3,0,1,0,0,0,0,0,0,1,1,0,1,2,1,7,5,6,5,1,0,1,0,0,0,0,0,0,0,0,0,0,0,0,0,0,1,0,0,0,0,0
395,1,1,1,1,0,1,0,0,3,0,1,0,0,2,2,1,1,1,2,2,2,2,2,1,6,8,8,2,1,1,0,0,0,0,0,0,0,0,0,0,0,0,0,0,0,0,0,0,0,1,0
396,1,0,0,1,0,1,0,0,3,0,0,0,1,0,2,0,0,0,0,0,0,0,1,2,1,2,4,3,1,1,0,0,0,0,0,0,0,0,0,0,0,0,0,0,0,0,0,0,0,0,1
397,2,0,1,1,0,1,1,0,3,0,2,0,0,3,2,1,3,2,1,2,2,3,1,2,3,2,0,2,1,0,0,0,0,0,0,0,0,0,0,0,0,0,1,0,0,1,0,0,0,0,0
398,1,2,1,0,0,1,1,0,1,2,0,3,1,2,0,0,0,2,0,0,0,2,1,1,6,7,7,4,1,0,0,0,1,0,0,0,0,0,0,0,0,0,0,0,0,0,0,0,0,1,0
399,2,2,1,1,0,0,0,0,3,0,2,0,0,0,0,3,0,0,0,0,0,0,1,0,6,7,2,0,0,1,0,0,0,0,0,0,0,0,0,0,0,0,0,0,0,0,0,0,0,0,1
400,1,0,1,0,0,0,1,0,1,0,0,0,0,1,1,0,0,2,1,3,3,0,0,2,9,8,4,8,1,0,0,0,0,0,0,0,0,0,0,0,1,0,0,0,0,1,0,0,0,0,0
401,4,0,0,0,0,1,0,0,2,2,2,2,1,2,1,1,0,0,2,2,2,2,3,0,7,7,2,1,1,0,0,0,0,0,0,0,0,0,0,0,0,0,0,1,0,0,0,0,0,1,0
402,2,0,0,1,0,1,0,0,2,0,0,0,0,0,1,0,0,1,2,0,0,0,3,0,1,0,1,0,1,0,0,0,0,0,0,0,0,0,0,0,0,0,0,1,0,0,0,0,0,1,0
403,2,0,0,0,0,0,0,0,1,1,0,0,0,2,1,0,0,1,1,2,2,2,1,0,4,3,4,5,1,0,0,0,0,0,0,0,0,0,0,0,0,0,1,0,0,1,0,0,0,0,0
404,6,0,0,0,0,1,0,0,1,2,0,0,1,2,2,0,0,0,0,2,2,2,1,0,2,0,0,0,1,0,0,0,0,0,0,0,0,0,0,0,0,1,0,0,0,0,0,1,0,0,0
405,2,0,1,1,0,1,1,0,1,1,0,3,0,1,0,0,0,3,3,3,0,2,3,3,0,5,7,0,0,0,0,0,0,0,0,0,0,0,0,0,0,0,0,1,0,0,0,0,0,1,0
406,2,0,1,1,0,0,1,0,2,1,0,0,1,0,1,0,2,1,0,3,0,0,0,3,8,7,7,0,1,0,0,0,0,0,0,0,0,0,0,0,1,0,0,0,0,0,0,0,0,1,0
407,2,5,1,0,0,1,1,0,2,2,1,3,0,3,3,1,1,3,1,2,3,3,3,1,5,10,8,0,0,0,0,0,0,0,1,0,0,0,0,0,0,0,0,0,0,0,0,0,0,1,0
408,1,1,1,0,1,0,0,0,3,0,0,0,0,0,0,0,0,0,0,0,0,0,0,0,8,7,9,2,1,1,0,0,0,0,0,0,0,0,0,0,0,0,0,0,0,0,0,0,0,0,1
409,1,1,1,1,1,1,0,0,3,0,0,0,0,0,0,1,0,2,0,2,0,0,0,2,9,6,8,5,1,1,0,0,0,0,0,0,0,0,0,0,0,0,0,0,0,0,0,0,0,1,0
410,6,0,1,1,1,1,0,0,0,0,0,0,0,1,2,0,1,1,2,2,2,1,3,0,2,2,7,0,0,0,0,0,0,0,0,0,0,0,0,0,0,0,0,1,0,0,0,0,0,0,1
411,1,0,1,1,1,1,1,0,3,0,0,0,0,0,1,0,0,1,0,2,0,0,0,0,7,8,6,2,1,1,0,0,0,0,0,0,0,0,0,0,0,0,0,0,0,0,0,0,0,1,0
412,2,2,1,0,0,0,1,0,0,0,3,0,0,0,0,0,0,0,0,1,1,1,0,1,10,10,8,2,0,0,0,1,0,0,0,0,0,0,0,0,0,0,0,0,0,0,0,0,0,1,0
413,1,0,1,1,0,0,0,0,0,3,0,1,1,0,1,0,0,0,1,1,1,0,2,1,8,5,2,3,1,0,1,0,0,0,0,0,0,0,0,0,0,0,0,0,0,0,0,0,0,1,0
414,1,0,1,1,0,1,1,0,3,0,1,0,0,0,0,1,0,1,1,2,1,0,2,2,7,8,2,5,1,1,0,0,0,0,0,0,0,0,0,0,0,0,0,0,0,0,0,0,0,1,0
415,7,1,1,1,1,1,1,0,3,2,0,2,2,1,3,1,1,1,0,2,2,0,3,0,1,1,2,0,1,1,0,0,0,0,0,0,0,0,0,0,0,0,0,0,0,0,0,0,1,0,0
416,1,1,1,1,1,1,1,0,3,0,1,0,2,3,3,3,2,0,1,3,3,3,2,0,9,10,10,3,0,0,0,0,0,0,0,0,0,0,0,0,0,1,0,0,0,0,0,0,0,1,0
417,3,5,1,1,1,1,1,0,0,0,2,1,0,2,3,1,0,2,0,1,2,1,0,0,9,4,4,4,1,0,0,0,0,0,0,1,0,0,0,0,0,0,0,0,0,0,0,0,0,1,0
418,2,1,0,1,0,1,0,0,3,0,0,0,0,0,2,0,0,0,0,1,0,0,1,0,8,2,4,0,0,1,0,0,0,0,0,0,0,0,0,0,0,0,0,0,0,0,0,0,0,0,1
419,4,0,0,0,0,1,1,0,1,0,0,2,0,0,1,0,0,0,3,0,0,0,2,1,1,1,5,1,1,0,0,0,0,0,0,0,0,0,0,1,0,0,0,0,0,0,0,0,0,1,0
420,2,4,1,0,0,1,0,0,0,0,3,2,0,2,0,0,0,2,0,3,3,3,0,0,10,9,9,8,1,0,0,1,0,0,0,0,0,0,0,0,0,0,0,0,0,0,0,0,0,0,1
421,1,2,1,1,0,1,1,0,3,1,1,1,1,1,1,2,1,2,0,2,2,1,1,3,3,0,2,3,1,1,0,0,0,0,0,0,0,0,0,0,0,0,0,0,0,0,0,0,0,1,0
422,1,0,1,1,0,1,1,0,3,0,0,1,0,0,1,2,1,0,0,3,0,0,0,3,4,0,4,0,1,0,0,0,0,0,0,0,0,0,0,0,0,0,0,0,1,0,0,1,0,0,0
423,2,2,1,1,1,1,1,0,1,1,1,1,0,1,1,0,1,2,3,2,1,1,3,2,2,3,5,2,1,0,0,0,0,0,0,0,0,0,0,1,0,0,0,0,0,0,0,0,0,1,0
424,2,1,1,1,1,1,0,0,3,2,1,2,1,1,3,1,1,0,1,2,2,1,1,1,2,3,3,0,1,1,0,0,0,0,0,0,0,0,0,0,0,0,0,0,0,0,0,0,0,0,1
425,2,0,0,0,0,1,0,0,0,3,0,1,1,1,1,0,0,0,2,3,0,2,2,2,8,4,3,0,1,0,0,0,0,0,0,0,0,0,0,0,0,0,0,1,0,0,0,0,0,1,0
426,3,5,0,0,0,1,1,0,2,0,1,2,0,2,2,3,3,1,1,3,3,2,3,2,10,10,10,7,1,0,0,0,0,0,0,0,1,0,0,0,0,0,0,0,0,0,0,0,0,1,0
427,3,1,1,1,0,1,1,0,3,1,0,1,1,0,2,0,0,1,1,0,0,0,2,2,8,8,9,3,1,1,0,0,0,0,0,0,0,0,0,0,0,0,0,0,0,0,1,0,0,0,0
428,8,2,1,1,1,0,0,0,0,2,0,0,0,0,3,0,2,0,0,1,3,0,3,0,0,1,0,2,1,0,0,0,0,0,0,0,0,0,0,0,0,0,0,1,0,0,0,0,0,1,0
429,8,1,1,0,0,1,1,0,2,3,1,2,3,2,2,1,3,0,1,2,3,2,2,0,5,4,0,1,1,0,0,0,0,0,0,0,0,0,0,0,0,1,0,0,0,0,0,0,1,0,0
430,1,1,1,0,0,1,1,0,1,1,2,2,1,3,1,2,1,2,1,3,1,1,1,1,7,5,7,8,1,0,0,0,0,0,0,0,0,0,0,0,1,0,0,0,0,0,0,0,0,1,0
431,2,1,0,1,0,1,1,0,1,0,2,0,0,2,1,0,0,1,0,2,1,3,2,2,3,3,0,0,1,0,0,0,0,0,0,0,0,0,0,0,0,0,1,0,0,0,0,0,0,0,1
432,1,0,1,1,0,0,0,0,3,1,0,1,0,1,1,0,0,1,0,3,0,0,1,1,7,5,3,1,1,1,0,0,0,0,0,0,0,0,0,0,0,0,0,0,0,0,0,0,0,1,0
433,1,0,1,1,1,1,1,0,3,1,0,0,1,2,1,1,0,0,0,2,0,1,2,0,8,0,1,6,1,1,0,0,0,0,0,0,0,0,0,0,0,0,0,0,0,0,0,0,0,1,0
434,4,0,1,0,0,1,1,0,0,1,1,2,0,3,1,1,1,2,2,3,2,3,3,0,6,4,1,1,1,0,0,0,0,0,1,0,0,0,0,0,0,0,0,0,0,0,0,0,0,1,0
435,1,2,1,1,0,1,1,0,2,0,1,2,0,1,2,3,2,2,1,3,2,1,3,0,8,8,7,10,0,0,0,0,0,0,0,0,1,0,0,0,0,0,0,0,0,0,0,0,0,1,0
436,1,3,1,0,0,1,1,0,3,1,1,1,1,2,1,3,1,2,1,3,3,3,1,1,10,8,9,5,1,0,0,0,0,0,0,0,0,0,0,0,0,1,0,0,0,0,0,0,0,1,0
437,2,0,0,0,0,0,0,0,0,3,0,0,0,0,0,0,0,0,0,0,0,0,0,0,3,0,2,0,1,0,1,0,0,0,0,0,0,0,0,0,0,0,0,0,0,0,0,0,0,1,0
438,4,0,1,0,0,0,0,0,1,0,0,0,0,1,2,1,1,0,1,2,1,1,1,3,5,5,7,1,-1,0,0,0,0,0,0,0,0,0,0,0,0,0,0,0,1,1,0,0,0,0,0
439,2,0,0,0,1,1,1,0,2,2,1,1,1,3,1,3,1,2,1,2,2,3,1,2,7,7,6,5,1,0,0,0,0,0,1,0,0,0,0,0,0,0,0,0,0,0,0,0,0,1,0
440,1,0,0,0,0,1,0,0,0,0,3,0,0,2,1,0,0,2,2,1,1,1,2,2,7,4,6,3,1,0,0,1,0,0,0,0,0,0,0,0,0,0,0,0,0,0,0,1,0,0,0
441,2,0,1,1,0,0,0,0,0,2,0,3,0,0,0,0,0,0,0,0,0,0,2,0,3,3,1,0,0,0,0,0,1,0,0,0,0,0,0,0,0,0,0,0,0,1,0,0,0,0,0
442,1,2,1,0,0,1,0,0,0,0,0,0,0,3,0,1,0,1,0,1,0,3,0,0,4,0,0,2,-1,0,0,0,0,0,0,0,0,0,0,0,0,0,1,0,0,0,0,0,0,1,0
443,1,1,1,0,0,1,0,0,1,2,2,2,0,2,1,2,0,3,3,3,0,0,3,2,3,0,6,9,1,0,0,0,0,0,0,0,0,0,0,0,0,0,0,1,0,0,0,0,0,1,0
444,2,2,1,0,1,1,0,0,2,1,1,3,0,2,0,2,0,3,3,2,1,2,3,3,5,1,6,0,1,0,0,0,0,0,0,0,0,0,0,0,0,0,0,1,0,0,0,0,0,1,0
445,2,1,1,0,0,1,1,0,0,0,3,0,0,0,0,0,0,1,2,0,0,0,3,3,10,6,8,0,1,0,0,0,0,0,0,0,0,0,0,1,0,0,0,0,0,0,0,0,0,1,0
446,1,0,1,0,0,1,1,0,3,1,0,1,0,0,2,0,0,2,0,3,1,0,0,0,7,5,1,2,0,1,0,0,0,0,0,0,0,0,0,0,0,0,0,0,0,0,0,0,0,1,0
447,2,0,1,0,0,1,1,0,1,2,0,3,0,2,2,0,1,2,0,1,1,2,3,0,7,7,0,4,0,0,0,0,0,0,0,0,0,0,0,0,0,0,0,1,0,1,0,0,0,0,0
448,1,0,1,0,0,1,0,0,1,0,0,2,0,2,0,1,3,1,1,3,2,2,1,0,6,0,0,0,1,0,0,0,0,0,0,0,0,0,0,0,1,0,0,0,0,1,0,0,0,0,0
449,2,1,1,0,0,1,1,0,2,1,1,3,1,2,2,1,1,2,2,2,1,2,3,3,6,2,3,2,1,0,0,0,0,0,0,0,0,0,0,0,0,0,0,1,0,0,0,0,0,1,0
450,2,1,1,0,0,1,1,0,1,3,2,1,1,1,1,1,1,3,1,1,1,1,1,1,7,6,7,9,1,0,0,0,0,0,0,0,0,0,1,0,0,0,0,0,0,0,0,0,0,1,0
451,2,1,1,0,0,1,1,0,1,0,2,0,0,1,0,3,1,1,2,3,1,1,3,1,5,7,7,0,0,0,0,0,0,0,0,0,0,0,0,0,0,0,0,1,0,0,1,0,0,0,0
452,2,0,1,0,0,0,0,0,2,1,1,2,0,3,2,0,0,0,0,3,3,3,2,2,7,6,4,3,1,0,0,0,0,0,0,0,0,0,0,0,1,0,0,0,0,0,0,0,0,1,0
453,6,0,1,0,0,1,0,0,0,0,0,1,0,0,0,1,0,0,2,2,1,0,2,0,2,2,2,0,1,0,0,0,0,0,0,0,0,0,0,0,0,0,0,1,0,0,0,0,1,0,0
454,2,2,1,0,0,0,1,0,2,0,2,3,0,0,0,1,0,1,2,1,0,0,3,3,9,5,0,7,1,0,0,0,0,0,0,0,0,0,0,0,0,0,0,0,1,0,0,0,0,1,0
455,3,0,0,1,0,0,1,0,1,1,0,2,0,0,0,0,0,0,1,0,0,0,3,0,3,7,8,0,-1,0,0,0,0,0,0,0,0,0,0,0,0,0,0,1,0,0,0,0,0,1,0
456,5,0,0,0,0,1,0,0,2,0,0,0,0,3,1,0,0,3,0,3,3,3,2,0,4,5,9,1,1,0,0,0,0,0,0,0,0,0,0,0,1,0,0,0,0,0,0,0,0,1,0
457,3,1,1,1,0,1,1,0,1,2,1,1,1,1,1,0,0,3,1,2,1,1,3,3,1,0,7,0,1,0,0,0,0,0,0,0,0,0,0,0,0,0,0,1,0,0,1,0,0,0,0
458,2,0,0,1,1,0,0,0,0,0,1,0,0,0,0,0,0,0,3,1,1,0,3,3,3,2,0,2,0,0,0,0,0,0,0,0,0,0,0,1,0,0,0,0,0,0,1,0,0,0,0
459,4,1,1,0,0,1,1,0,1,0,0,0,0,0,0,0,0,0,3,0,0,1,2,0,1,6,1,2,1,0,0,0,0,0,0,0,0,0,0,1,0,0,0,0,0,0,0,0,0,1,0
460,2,1,0,0,0,1,0,0,1,1,0,1,0,3,1,0,0,2,1,3,2,2,2,1,8,10,4,0,0,0,0,0,0,0,1,0,0,0,0,0,0,0,0,0,0,0,0,0,0,0,1
461,3,0,0,0,0,0,1,0,1,1,1,0,0,2,1,1,0,1,1,0,0,2,1,3,8,10,10,0,0,0,0,0,0,0,0,0,0,0,0,0,0,0,0,0,1,0,1,0,0,0,0
462,4,1,1,0,0,1,1,0,0,0,0,0,0,0,2,0,2,0,3,1,1,0,2,0,3,0,8,1,0,0,0,0,0,0,0,0,0,0,0,1,0,0,0,0,0,0,0,1,0,0,0
463,3,0,0,0,0,1,0,0,2,0,1,0,0,3,1,0,0,1,0,2,3,3,0,0,3,4,1,0,1,0,0,0,0,0,1,0,0,0,0,0,0,0,0,0,0,0,0,0,0,1,0
464,6,4,1,0,0,1,0,0,2,2,0,1,0,0,1,0,0,0,1,1,2,0,2,0,2,1,2,2,1,0,0,0,0,0,0,0,0,0,0,0,0,0,0,1,0,0,0,0,0,0,1
465,1,4,0,0,0,1,0,0,1,3,0,3,1,1,2,0,0,0,3,2,1,1,3,0,0,0,0,0,0,0,0,0,0,0,0,0,0,0,0,0,0,0,0,1,0,0,0,0,0,1,0
466,2,4,1,0,0,0,1,0,1,0,2,2,0,1,0,2,0,2,1,2,0,1,2,3,8,8,5,0,1,0,0,0,0,0,0,0,0,0,0,0,0,0,0,0,1,0,1,0,0,0,0
467,3,1,0,0,0,1,0,0,0,3,0,1,0,0,0,0,0,0,2,2,0,0,2,1,1,1,1,0,0,0,1,0,0,0,0,0,0,0,0,0,0,0,0,0,0,0,0,0,0,1,0
468,2,1,1,0,0,1,1,0,1,2,3,3,0,2,2,0,1,2,3,3,2,2,3,2,8,7,6,2,1,0,0,0,1,0,0,0,0,0,0,0,0,0,0,0,0,0,0,0,0,0,1
469,4,1,0,0,0,1,1,0,3,1,0,1,0,0,0,2,0,0,3,1,0,1,2,3,6,5,4,0,0,0,0,0,0,0,0,0,0,0,0,1,0,0,0,0,0,0,0,0,0,1,0
470,7,0,1,0,0,1,0,0,3,2,1,3,0,1,2,0,1,0,0,0,1,0,3,0,5,4,6,2,1,0,0,0,0,0,0,0,0,0,0,0,0,0,0,1,0,0,0,0,0,1,0
471,3,0,0,1,0,1,0,0,1,1,0,1,0,1,0,0,0,2,1,2,0,1,2,0,3,1,0,2,0,0,0,0,0,0,0,0,0,0,0,0,0,0,0,1,0,0,0,0,0,1,0
472,2,2,1,1,0,1,0,0,1,3,2,3,1,2,2,0,1,2,2,2,1,2,3,2,4,8,2,2,1,0,1,0,0,0,0,0,0,0,0,0,0,0,0,0,0,0,0,0,0,1,0
473,6,0,1,0,0,1,0,0,1,2,1,2,2,2,2,0,1,1,2,1,2,2,2,0,5,6,3,1,1,0,0,0,0,0,0,0,0,0,0,0,0,0,0,1,0,0,0,0,0,0,1
474,6,0,1,1,1,1,0,0,2,1,0,1,2,1,2,1,1,0,0,1,0,0,0,0,0,0,2,1,1,1,0,0,0,0,0,0,0,0,0,0,0,0,0,0,0,0,0,0,0,0,1
475,7,1,1,0,0,0,0,0,0,2,0,0,0,0,2,0,0,0,1,0,1,0,3,0,7,6,7,4,1,0,0,0,0,0,0,0,0,0,0,0,0,0,0,1,0,0,0,1,0,0,0
476,7,0,1,0,0,0,0,0,2,3,0,0,0,0,0,0,0,0,0,0,0,0,0,0,8,5,6,1,1,0,1,0,0,0,0,0,0,0,0,0,0,0,0,0,0,0,1,0,0,0,0
477,6,0,1,0,0,0,1,0,2,2,0,2,1,0,1,0,1,0,1,2,2,1,3,1,4,4,2,0,1,0,0,0,0,0,0,0,0,0,0,0,0,0,0,1,0,0,0,0,0,0,1
478,1,0,1,1,1,1,0,0,1,1,2,0,2,1,2,2,0,0,0,3,2,0,2,3,9,8,10,9,1,0,0,0,0,0,0,0,0,0,0,0,1,0,0,0,0,0,0,0,0,1,0
479,2,2,1,0,0,1,1,0,3,1,3,1,2,3,2,0,2,3,2,3,3,3,2,3,5,5,7,0,1,0,0,1,0,0,0,0,0,0,0,0,0,0,0,0,0,0,0,0,0,0,1
480,6,1,1,0,0,1,1,0,2,0,2,1,2,3,3,0,2,3,0,1,3,2,2,0,4,6,8,1,1,0,0,0,0,0,1,0,0,0,0,0,0,0,0,0,0,0,0,1,0,0,0
481,3,0,1,0,0,1,1,0,2,1,1,1,1,2,2,1,2,3,1,2,2,1,2,2,4,8,5,0,1,0,0,0,0,0,0,0,0,0,1,0,0,0,0,0,0,0,0,1,0,0,0
482,2,1,1,1,0,1,0,0,1,1,0,2,0,1,2,0,0,3,1,2,1,1,3,0,9,10,6,7,1,0,0,0,0,0,0,0,0,0,1,0,0,0,0,0,0,0,0,0,0,1,0
483,5,0,0,0,0,0,0,0,3,2,1,2,3,2,2,1,1,0,1,2,2,2,1,1,3,2,2,2,1,1,0,0,0,0,0,0,0,0,0,0,0,0,0,0,0,0,0,0,0,0,1
484,2,3,1,0,0,1,1,0,0,1,1,2,0,0,1,0,0,1,2,1,2,0,3,2,6,2,2,1,1,0,0,0,0,0,0,0,0,0,0,0,0,0,0,1,0,0,0,0,0,0,1
485,6,6,1,0,0,0,0,0,1,0,0,3,0,0,2,0,1,0,0,1,0,0,3,0,2,0,3,0,0,0,0,0,0,0,0,0,0,0,0,0,0,0,0,1,0,0,0,0,0,0,1
486,5,0,1,1,0,0,0,0,1,0,1,0,0,0,1,0,0,0,2,0,1,0,1,1,10,8,0,4,1,0,0,0,0,0,0,0,0,0,0,1,0,0,0,0,0,0,0,0,0,1,0
487,1,0,1,1,0,1,1,0,2,0,1,0,0,2,2,3,0,2,0,1,1,1,0,1,4,4,2,2,1,0,0,0,0,0,0,0,1,0,0,0,0,0,0,0,0,0,0,0,0,1,0
488,2,1,1,1,0,1,1,0,2,0,2,1,0,3,2,3,3,2,1,3,3,3,2,2,7,8,6,2,1,0,0,0,0,0,0,0,0,0,0,0,1,0,0,0,0,0,0,0,0,1,0
489,2,0,1,0,0,1,1,0,3,1,1,1,0,2,2,0,0,1,3,3,1,2,2,2,7,6,5,5,1,0,0,0,0,0,0,0,0,0,0,0,1,0,0,0,0,0,0,0,0,1,0
490,7,0,1,0,0,0,1,0,2,1,0,1,2,0,0,0,2,0,0,1,1,0,1,0,1,0,0,0,1,0,0,0,0,1,0,0,0,0,0,0,0,0,0,0,0,0,1,0,0,0,0
491,6,0,0,1,1,0,0,0,2,1,0,0,3,1,0,0,0,0,0,0,0,1,1,0,6,2,8,0,1,0,0,0,0,1,0,0,0,0,0,0,0,0,0,0,0,0,0,0,0,0,1
492,2,0,1,0,1,0,0,0,1,1,2,2,0,1,2,0,0,0,2,0,1,2,2,3,4,5,7,0,0,0,0,0,0,0,0,0,0,0,0,0,0,0,0,0,1,0,1,0,0,0,0
493,2,2,1,0,0,0,1,0,1,3,2,1,1,3,0,1,3,0,1,2,2,3,1,2,10,7,0,0,1,0,0,0,0,0,1,0,0,0,0,0,0,0,0,0,0,0,0,0,0,1,0
494,8,0,0,0,0,0,0,0,1,3,0,2,2,0,1,0,2,0,0,3,2,0,2,0,4,2,1,0,1,0,0,0,0,0,0,0,0,0,0,0,1,0,0,0,0,0,1,0,0,0,0
495,4,0,1,0,0,0,0,0,2,0,0,0,0,3,0,0,0,0,0,3,2,2,2,0,7,6,2,3,1,0,0,0,0,0,1,0,0,0,0,0,0,0,0,0,0,0,0,0,1,0,0
496,1,2,1,0,0,1,1,0,0,0,0,0,0,2,0,0,0,3,0,3,0,2,0,1,3,2,8,0,1,0,0,0,0,0,0,0,0,0,1,0,0,0,0,0,0,0,0,0,0,1,0
497,2,1,0,1,1,1,1,0,3,1,1,2,0,3,2,0,2,1,1,2,2,3,3,1,10,7,4,3,1,0,0,0,0,0,1,0,0,0,0,0,0,0,0,0,0,0,0,0,0,1,0
498,1,1,1,0,0,1,1,0,1,0,1,0,0,3,2,3,0,0,0,1,2,3,2,3,4,0,0,0,0,0,0,0,0,0,0,0,1,0,0,0,0,0,0,0,0,0,0,0,0,1,0
499,2,2,1,0,0,0,0,0,2,1,0,1,0,0,2,0,0,0,1,0,0,0,3,2,7,7,0,0,1,0,0,0,0,0,0,0,0,0,0,0,0,0,0,1,0,0,1,0,0,0,0
500,3,3,1,0,0,0,1,0,1,2,3,2,0,2,1,0,0,1,2,0,0,3,3,3,6,7,4,1,1,0,0,1,0,0,0,0,0,0,0,0,0,0,0,0,0,0,0,0,0,1,0
501,2,0,1,0,0,1,0,0,0,1,3,2,3,0,0,0,0,1,3,1,0,0,2,1,7,6,2,7,1,0,0,0,0,0,0,0,0,0,0,1,0,0,0,0,0,0,0,0,0,1,0
502,2,0,1,0,0,1,1,0,1,1,1,1,1,3,1,1,2,1,2,3,3,3,3,0,6,5,8,0,1,0,0,0,0,0,0,0,0,0,0,0,1,0,0,0,0,1,0,0,0,0,0
503,2,0,1,0,0,1,1,0,2,0,0,2,0,1,1,1,0,1,0,3,1,1,3,1,10,10,2,3,1,0,0,0,0,0,0,0,0,0,0,0,0,0,0,1,0,0,0,0,0,1,0
504,2,0,1,0,0,1,1,0,1,0,1,0,0,2,2,3,0,2,0,2,3,1,2,2,7,6,5,1,1,0,0,0,0,0,0,0,1,0,0,0,0,0,0,0,0,0,0,0,0,1,0
505,2,1,0,0,0,1,1,0,2,0,0,1,1,0,0,1,3,0,0,3,2,0,0,3,3,0,0,0,1,0,0,0,0,0,0,0,0,0,0,0,0,0,0,0,1,0,0,0,0,1,0
506,3,3,1,0,0,1,1,0,1,1,1,2,1,2,2,1,1,3,1,3,2,2,3,2,8,2,1,0,0,0,0,0,0,0,0,0,0,0,0,0,0,0,0,1,0,0,0,0,0,1,0
507,3,1,1,0,0,1,0,0,1,0,0,0,0,2,1,2,0,2,0,1,0,3,1,1,7,6,6,5,1,0,0,0,0,0,0,0,0,0,0,0,0,0,1,0,0,0,0,1,0,0,0
508,6,0,0,0,0,1,0,0,2,1,0,2,0,0,2,0,0,0,0,1,1,0,2,0,3,2,5,0,0,0,0,0,0,0,0,0,0,0,0,0,0,0,0,1,0,0,0,0,0,1,0
509,2,2,0,0,0,0,1,0,1,1,0,1,0,0,0,0,0,0,3,2,0,0,2,1,8,2,1,0,1,0,0,0,0,0,0,0,0,0,0,1,0,0,0,0,0,0,0,0,0,0,1
510,6,0,1,0,0,0,0,0,1,2,0,0,0,0,0,0,0,0,2,1,2,0,3,0,7,7,2,4,1,0,0,0,0,0,0,0,0,0,0,0,0,0,0,1,0,0,0,1,0,0,0
511,4,0,0,0,0,0,0,0,0,3,0,0,0,1,0,0,0,0,0,2,0,0,1,0,5,1,1,1,1,0,1,0,0,0,0,0,0,0,0,0,0,0,0,0,0,0,0,1,0,0,0
512,5,2,1,0,0,0,0,0,2,1,0,2,0,0,1,0,0,0,2,1,1,0,3,1,1,2,1,0,0,0,0,0,0,0,0,0,0,0,0,0,0,0,0,1,0,0,1,0,0,0,0
513,7,3,1,0,0,1,0,0,2,2,1,1,0,0,1,0,1,1,0,2,1,0,2,0,2,1,2,2,1,0,0,0,0,0,0,0,0,0,0,0,0,0,0,1,0,0,0,0,0,0,1
514,7,0,1,0,0,0,0,0,3,0,1,3,0,1,1,0,1,1,0,3,1,0,1,0,5,2,4,0,1,1,0,0,0,0,0,0,0,0,0,0,0,0,0,0,0,0,0,0,0,0,1
515,2,0,1,0,0,0,0,0,2,1,2,2,1,2,0,1,0,3,1,3,1,2,2,1,7,2,1,0,1,0,0,0,0,0,0,0,0,0,0,0,1,0,0,0,0,0,0,0,0,1,0
516,2,0,1,0,0,0,1,0,2,0,3,3,1,2,2,1,1,3,1,2,1,2,3,3,10,10,7,8,1,0,0,0,1,0,0,0,0,0,0,0,0,0,0,0,0,0,0,0,0,0,1
517,2,3,1,0,0,1,1,0,1,2,2,3,0,3,0,3,2,1,1,3,2,3,3,1,7,2,1,6,1,0,0,0,0,0,0,0,0,0,0,0,1,0,0,0,0,0,0,0,0,1,0
518,6,3,1,0,0,1,0,0,2,1,1,2,0,2,2,1,1,1,2,2,2,2,2,0,6,4,1,0,1,0,0,0,0,0,0,0,0,0,0,0,1,0,0,0,0,1,0,0,0,0,0
519,2,0,0,0,0,1,0,0,1,0,3,0,0,2,0,1,1,3,1,3,0,0,0,0,5,9,6,1,1,0,0,1,0,0,0,0,0,0,0,0,0,0,0,0,0,0,0,0,0,1,0
520,2,0,1,1,0,0,0,0,3,0,0,1,1,2,2,1,1,3,0,2,2,1,1,3,7,5,7,0,1,0,0,0,0,0,0,0,0,0,0,0,0,0,0,0,1,0,1,0,0,0,0
521,2,3,1,0,0,1,1,0,1,2,1,3,0,2,3,1,2,3,0,2,1,2,2,1,7,6,7,4,1,0,0,0,0,0,0,1,0,0,0,0,0,0,0,0,0,0,0,0,0,1,0
522,6,0,1,0,0,0,0,0,1,1,0,1,1,0,1,0,0,0,1,2,2,0,3,0,0,0,0,0,1,0,0,0,0,0,0,0,0,0,0,0,0,0,0,1,0,0,0,0,0,1,0
523,7,2,1,0,0,0,1,0,1,1,0,1,1,1,1,1,2,0,0,2,3,0,2,0,3,5,0,2,0,0,0,0,0,0,0,0,0,0,0,0,0,1,0,0,0,1,0,0,0,0,0
524,3,1,0,1,1,1,1,0,3,0,1,2,1,1,3,1,2,3,3,1,2,0,3,3,8,8,5,2,1,0,0,0,0,0,0,0,0,0,0,1,0,0,0,0,0,0,0,0,0,1,0
525,2,1,1,1,0,0,1,0,3,0,3,0,0,0,1,0,0,1,0,2,0,1,1,2,8,7,10,6,1,0,0,1,0,0,0,0,0,0,0,0,0,0,0,0,0,0,1,0,0,0,0
526,4,0,1,0,0,0,1,0,1,0,0,0,0,1,0,0,0,0,0,2,1,1,2,1,2,4,5,2,1,0,0,0,0,0,0,0,0,0,0,0,0,0,0,1,0,0,0,0,0,1,0
527,8,1,1,1,0,0,0,0,3,1,0,1,0,0,1,1,0,1,1,2,0,0,0,2,7,3,9,2,1,1,0,0,0,0,0,0,0,0,0,0,0,0,0,0,0,0,1,0,0,0,0
528,2,1,0,0,1,1,0,0,1,2,3,2,0,1,0,0,0,0,1,3,3,1,2,0,8,7,4,4,1,0,0,0,0,0,0,0,0,0,0,0,1,0,0,0,0,0,1,0,0,0,0
529,6,0,0,0,0,1,1,0,2,0,2,2,1,0,3,0,1,1,1,2,1,0,2,1,0,0,0,5,0,0,0,0,0,0,0,1,0,0,0,0,0,0,0,0,0,0,0,1,0,0,0
530,2,0,1,0,0,0,1,0,0,0,2,0,0,1,2,3,1,1,0,3,2,1,1,0,8,6,9,8,1,0,0,0,0,0,0,0,0,0,0,0,1,0,0,0,0,0,0,0,0,0,1
531,1,0,1,0,0,1,1,0,0,1,2,0,0,2,1,0,0,3,2,2,1,1,3,3,4,2,3,2,1,0,0,0,0,0,0,0,0,0,0,0,0,0,0,0,1,0,0,0,0,1,0
532,7,0,0,0,0,0,0,0,2,2,0,2,2,2,2,0,2,0,2,2,2,2,2,0,3,2,2,2,0,0,0,0,0,0,0,0,0,0,0,0,0,0,0,1,0,0,1,0,0,0,0
533,6,0,1,1,0,0,0,0,2,0,0,1,3,0,2,0,1,0,0,2,2,0,1,0,6,4,10,0,1,0,0,0,0,1,0,0,0,0,0,0,0,0,0,0,0,0,0,0,0,1,0
534,2,2,1,0,0,1,1,0,0,0,2,1,0,3,0,3,2,0,0,3,3,3,2,1,8,8,10,0,1,0,0,0,0,0,0,0,0,0,0,0,1,0,0,0,0,1,0,0,0,0,0
535,1,2,1,0,0,1,1,0,0,0,2,0,0,2,0,3,1,1,0,3,3,2,1,1,5,5,5,5,1,0,0,0,0,0,0,0,0,0,0,0,1,0,0,0,0,0,0,0,0,1,0
536,2,1,1,0,0,0,0,0,0,3,0,1,2,0,0,0,0,0,1,3,0,2,3,2,10,8,6,2,0,0,0,0,0,0,0,0,0,0,0,0,0,0,0,1,0,0,0,0,0,1,0
537,5,0,0,0,0,0,0,0,2,2,0,0,0,3,2,1,1,0,1,3,2,2,3,0,0,0,7,0,1,0,0,0,0,0,0,0,0,0,0,0,0,0,0,1,0,0,1,0,0,0,0
538,2,2,1,1,1,1,1,0,0,1,2,3,0,1,1,2,0,1,3,2,0,1,3,2,8,8,10,0,1,0,0,0,0,0,0,0,0,0,0,0,0,0,0,1,0,0,0,0,0,1,0
539,7,0,0,0,0,1,0,0,2,0,0,0,0,1,0,0,0,0,2,2,0,0,2,0,8,2,0,0,0,0,0,0,0,0,0,0,0,0,0,0,0,0,0,1,0,1,0,0,0,0,0
540,2,1,1,1,1,1,0,0,2,2,0,1,1,1,0,0,0,0,3,0,1,1,1,0,7,8,4,10,1,0,0,0,0,0,0,0,0,0,0,1,0,0,0,0,0,0,0,1,0,0,0
541,2,0,1,0,0,0,0,0,1,3,2,0,0,2,2,2,1,0,0,2,0,2,2,0,0,2,0,1,1,0,1,0,0,0,0,0,0,0,0,0,0,0,0,0,0,0,0,0,0,1,0
542,1,1,1,1,0,1,0,0,0,1,0,0,2,1,1,1,1,2,1,3,2,2,3,2,3,5,4,0,1,0,0,0,0,0,0,0,0,0,0,0,1,0,0,0,0,0,0,0,0,1,0
543,1,0,1,1,0,1,1,0,1,0,0,1,0,2,0,3,1,0,0,3,0,2,0,0,5,2,3,1,1,0,0,0,0,0,0,0,0,0,0,0,1,0,0,0,0,0,0,0,0,1,0
544,3,0,1,0,0,1,0,0,0,0,2,2,0,2,2,0,1,2,0,2,2,2,2,2,6,1,0,0,1,0,0,0,1,0,0,0,0,0,0,0,0,0,0,0,0,0,0,0,0,0,1
545,2,0,0,0,0,1,1,0,1,0,0,0,0,3,1,0,0,0,1,2,1,3,1,3,6,3,4,2,1,0,0,0,0,0,0,0,0,0,0,0,0,0,1,0,0,0,0,0,0,1,0
546,2,0,1,1,1,1,0,0,2,0,2,0,0,1,1,0,0,1,3,2,0,1,3,1,5,6,8,2,1,0,0,0,0,0,0,0,0,0,0,0,0,0,0,1,0,0,0,0,0,1,0
547,2,1,1,0,0,1,1,0,2,0,0,0,0,2,0,3,0,1,0,2,3,1,2,1,8,4,7,5,1,0,0,0,0,0,0,0,1,0,0,0,0,0,0,0,0,0,0,0,0,1,0
548,2,1,1,0,0,1,0,0,0,0,3,0,0,3,1,1,1,1,1,3,2,3,1,2,1,1,2,3,1,0,0,0,0,0,0,0,0,0,0,0,1,0,0,0,0,0,0,0,0,1,0
549,2,0,0,1,0,1,0,0,0,0,0,0,0,1,0,0,0,0,2,2,1,1,3,0,8,3,1,3,1,0,0,0,0,0,0,0,0,0,0,0,0,0,0,1,0,0,0,0,0,1,0
550,1,2,1,0,1,1,0,0,1,0,1,0,2,3,2,0,0,2,0,2,2,3,1,0,3,3,0,0,1,0,0,0,0,0,0,0,0,0,0,0,0,0,1,0,0,0,0,1,0,0,0
551,3,1,1,0,0,0,1,0,3,0,0,0,0,0,1,0,0,1,2,1,0,0,2,2,0,0,0,0,0,1,0,0,0,0,0,0,0,0,0,0,0,0,0,0,0,0,0,0,0,1,0
552,2,1,1,0,0,0,0,0,1,1,2,1,0,3,1,1,0,1,1,3,1,3,1,2,5,4,2,0,0,0,0,0,0,0,0,0,0,0,0,0,1,0,0,0,0,0,0,0,0,0,1
553,2,0,1,0,0,1,0,0,0,0,0,0,2,3,1,0,1,1,0,2,3,3,1,0,2,4,0,0,1,0,0,0,0,0,0,0,0,0,0,0,0,1,0,0,0,0,0,0,0,1,0
554,2,0,1,0,0,0,0,0,2,1,1,0,3,1,2,1,1,1,0,1,0,0,0,3,4,6,0,2,1,0,0,0,0,0,0,0,0,0,0,0,0,0,0,0,1,0,1,0,0,0,0
555,2,0,1,0,1,1,0,0,2,1,2,0,0,1,2,1,0,2,0,3,1,0,2,2,5,7,2,0,1,0,0,0,0,0,0,0,0,0,0,0,1,0,0,0,0,0,0,0,0,1,0
556,2,1,1,0,0,1,1,0,2,1,1,2,1,2,1,1,1,1,1,2,1,2,3,0,4,0,7,0,0,0,0,0,0,0,0,0,0,0,0,0,0,0,0,1,0,0,0,0,0,1,0
557,2,1,1,0,0,1,1,0,1,0,2,0,0,3,0,1,1,1,2,3,1,3,3,1,10,8,6,2,0,0,0,0,0,0,0,0,0,0,0,0,1,0,0,0,0,0,1,0,0,0,0
558,1,0,1,1,1,1,0,0,3,1,0,1,1,1,2,2,1,2,1,3,3,1,2,0,3,3,1,0,1,0,0,0,0,0,0,0,0,0,0,0,0,1,0,0,0,0,0,0,0,1,0
559,2,2,1,1,0,1,0,0,2,2,1,0,0,2,0,1,0,1,2,2,0,2,3,2,8,7,2,1,1,0,0,0,0,0,0,0,0,0,0,0,0,0,0,1,0,0,0,0,0,1,0
560,2,0,1,0,0,0,0,0,2,1,0,0,0,2,1,0,0,3,1,3,3,2,3,1,3,3,0,3,1,0,0,0,0,0,0,0,0,0,0,0,0,1,0,0,0,0,0,0,0,1,0
561,2,0,0,0,0,1,0,0,1,1,2,1,0,3,1,3,1,1,2,3,2,2,3,1,4,5,2,5,0,0,0,0,0,0,0,0,1,0,0,0,0,0,0,0,0,0,0,0,0,1,0
562,2,2,1,0,0,1,1,0,2,1,1,3,0,1,1,0,1,2,1,3,1,1,3,3,10,10,8,10,1,0,0,0,1,0,0,0,0,0,0,0,0,0,0,0,0,0,0,0,0,1,0
563,1,1,1,1,0,0,1,0,1,0,2,0,0,1,2,3,2,2,0,3,1,2,0,0,10,2,7,8,1,0,0,0,0,0,0,0,1,0,0,0,0,0,0,0,0,0,0,0,0,1,0
564,2,1,0,1,1,1,0,0,0,0,0,1,0,2,3,0,1,0,3,1,2,2,2,1,9,6,8,5,1,0,0,0,0,0,0,0,0,0,0,1,0,0,0,0,0,0,0,0,0,1,0
565,2,1,1,0,0,1,1,0,1,1,1,0,0,3,2,0,0,1,0,3,3,3,3,1,6,4,1,6,1,0,0,0,0,0,0,0,0,0,0,0,0,1,0,0,0,0,0,0,0,1,0
566,1,1,1,0,0,1,0,0,3,0,0,0,0,1,1,0,0,0,0,3,3,0,2,0,3,4,6,8,1,0,0,0,0,0,0,0,0,0,0,0,1,0,0,0,0,0,0,0,0,1,0
567,7,0,1,0,0,0,0,0,3,0,0,2,3,0,0,0,2,0,0,0,0,0,0,0,10,10,10,0,1,0,0,0,0,1,0,0,0,0,0,0,0,0,0,0,0,0,0,0,1,0,0
568,1,2,1,0,0,1,0,10,0,1,2,1,0,1,1,0,0,0,3,2,0,3,1,2,4,8,8,4,0,0,0,0,0,0,0,0,0,0,0,0,0,0,0,0,1,0,0,0,0,1,0
569,2,0,0,0,0,1,1,0,0,0,0,0,1,3,0,0,0,0,0,3,3,2,0,0,3,0,0,0,1,0,0,0,0,0,0,0,0,0,0,0,0,1,0,0,0,0,0,0,0,1,0
570,5,1,1,0,0,1,1,0,1,2,1,1,1,3,1,2,1,0,2,1,2,2,2,1,1,0,0,0,1,0,0,0,0,0,0,0,0,0,0,0,0,1,0,0,0,0,0,0,1,0,0
571,3,1,1,0,0,1,0,0,3,0,3,0,0,0,2,0,1,1,0,2,0,0,1,1,5,6,7,7,0,1,0,0,0,0,0,0,0,0,0,0,0,0,0,0,0,0,0,0,0,1,0
572,2,1,1,0,0,1,1,0,2,0,0,0,0,0,2,1,0,3,0,1,2,0,0,3,7,0,3,1,0,0,0,0,0,0,0,0,0,0,0,0,0,0,0,0,1,0,0,0,0,1,0
573,3,0,1,0,0,0,0,0,0,0,1,1,0,3,0,0,0,2,1,3,0,3,0,3,10,8,8,9,1,0,0,0,0,0,0,0,0,0,0,0,1,0,0,0,0,0,0,0,0,1,0
574,2,1,1,1,0,1,1,0,1,2,3,0,1,3,1,2,2,2,1,2,3,2,1,2,3,0,3,4,1,0,0,0,0,0,0,0,0,0,0,0,0,1,0,0,0,0,0,0,0,1,0
575,2,2,1,0,0,1,1,0,0,0,3,0,0,3,0,0,0,3,0,3,3,3,3,2,1,0,0,1,0,0,0,1,0,0,0,0,0,0,0,0,0,0,0,0,0,0,0,0,0,1,0
576,2,2,1,0,0,0,0,0,2,1,1,1,3,2,1,2,3,1,1,3,2,2,2,2,6,6,0,0,1,0,0,0,0,0,0,0,0,0,0,0,1,0,0,0,0,0,0,1,0,0,0
577,1,0,1,0,0,1,0,0,0,0,2,0,0,1,2,0,0,2,1,1,1,0,2,3,4,3,4,0,1,0,0,0,0,0,0,0,0,0,0,0,0,0,0,0,1,0,0,0,0,0,1
578,2,0,0,0,0,0,0,0,0,1,2,2,0,1,1,2,2,3,0,3,1,1,2,0,6,4,0,0,1,0,0,0,0,0,0,0,0,0,0,0,1,0,0,0,0,0,1,0,0,0,0
579,1,1,1,0,0,1,0,0,0,0,0,0,0,2,1,0,0,0,1,2,0,0,3,2,2,6,3,0,-1,0,0,0,0,0,0,0,0,0,0,0,0,0,0,1,0,0,0,0,0,1,0
580,3,0,1,0,0,1,1,0,1,1,1,0,1,2,1,3,0,2,0,3,2,2,2,3,8,3,3,3,1,0,0,0,0,0,0,0,0,0,0,0,1,0,0,0,0,0,0,0,0,1,0
581,2,3,0,0,0,0,1,0,0,2,2,3,0,3,1,3,0,0,2,2,3,3,3,3,8,10,7,3,0,0,0,0,0,0,0,0,0,0,0,0,0,0,0,1,0,0,0,0,0,1,0
582,6,0,0,1,0,0,0,0,1,0,0,1,2,0,1,0,1,0,0,1,1,0,3,0,1,0,0,1,1,0,0,0,0,0,0,0,0,0,0,0,0,0,0,1,0,0,0,1,0,0,0
583,3,3,1,1,1,1,0,0,2,2,0,1,0,2,2,0,2,2,1,2,2,2,3,0,8,6,6,8,1,0,0,0,0,0,0,0,0,0,0,0,0,0,0,1,0,0,0,0,0,1,0
584,3,0,1,0,0,1,1,0,0,1,2,0,0,2,0,1,2,0,0,3,2,2,2,0,6,3,1,7,1,0,0,0,0,0,0,0,0,0,0,0,1,0,0,0,0,0,0,0,0,1,0
585,2,0,0,1,0,1,1,0,1,0,0,0,0,2,0,0,1,2,0,2,0,3,0,2,2,0,3,0,1,0,0,0,0,0,0,0,0,0,0,0,0,0,1,0,0,1,0,0,0,0,0
586,2,4,1,1,1,0,1,0,0,0,0,0,0,0,0,0,0,0,3,0,0,0,2,0,0,0,0,0,0,0,0,0,0,0,0,0,0,0,0,1,0,0,0,0,0,0,1,0,0,0,0
587,2,4,1,1,1,1,0,0,2,2,2,2,1,2,2,2,1,1,3,3,2,2,3,0,10,10,6,6,1,0,0,0,0,0,0,0,0,0,0,0,0,0,0,1,0,0,0,0,0,1,0
588,4,2,1,0,0,1,1,0,2,2,2,2,0,3,1,1,2,1,2,3,2,3,3,1,3,0,0,1,1,0,0,0,0,0,0,0,0,0,0,0,0,0,0,1,0,0,0,0,0,1,0
589,2,4,1,0,0,1,1,0,2,0,0,1,0,0,0,0,0,1,2,2,0,0,3,2,7,9,10,0,1,0,0,0,0,0,0,0,0,0,0,0,0,0,0,1,0,0,0,0,0,1,0
590,2,0,1,1,0,1,1,0,3,0,1,1,0,0,2,0,1,2,0,3,1,0,3,0,8,7,6,2,1,1,0,0,0,0,0,0,0,0,0,0,0,0,0,0,0,0,0,0,0,1,0
591,6,2,1,0,0,0,0,0,0,0,0,0,0,2,1,0,0,0,0,0,2,0,0,0,2,0,10,10,1,0,0,0,0,0,0,0,0,0,0,0,0,1,0,0,0,0,0,1,0,0,0
592,3,0,1,0,0,1,0,0,1,0,3,0,0,3,1,1,2,2,0,3,3,1,0,2,10,7,9,3,0,0,0,0,0,0,0,0,0,0,0,0,0,1,0,0,0,0,0,1,0,0,0
593,1,1,1,0,0,0,1,0,0,0,0,0,0,3,0,3,0,0,0,3,2,0,0,0,6,0,0,0,1,0,0,0,0,0,0,0,0,0,0,0,1,0,0,0,0,0,0,1,0,0,0
594,2,3,1,1,1,1,1,0,1,0,1,0,3,2,2,0,2,3,0,2,3,2,0,2,3,0,2,2,1,0,0,0,0,1,0,0,0,0,0,0,0,0,0,0,0,0,0,0,0,1,0
595,2,3,1,0,0,1,1,0,3,3,3,3,3,3,3,3,3,3,3,3,3,3,3,3,6,5,9,8,1,0,0,0,0,0,0,0,0,0,1,0,0,0,0,0,0,0,0,0,0,1,0
596,3,3,1,0,0,1,0,0,0,0,0,1,0,2,0,0,0,0,2,1,1,2,3,2,7,6,5,8,1,0,0,0,0,0,0,0,0,0,0,0,0,0,0,1,0,0,0,0,0,1,0
597,2,3,1,1,0,1,0,0,2,0,2,1,1,1,2,0,0,0,3,1,1,0,3,3,10,7,8,6,1,0,0,0,0,0,0,0,0,0,0,1,0,0,0,0,0,0,0,0,0,0,1
598,1,5,1,1,0,1,0,0,3,0,1,1,2,3,0,1,3,1,2,1,0,3,3,2,0,3,9,5,0,0,0,0,0,0,0,0,0,1,0,0,0,0,0,0,0,0,0,0,0,1,0
599,2,2,1,0,0,1,1,0,1,0,3,0,0,2,1,3,3,3,0,3,3,3,1,2,0,2,1,5,1,0,0,1,0,0,0,0,0,0,0,0,0,0,0,0,0,0,0,0,0,1,0
600,2,1,1,1,0,0,1,0,2,1,2,0,2,2,0,3,3,1,0,2,3,3,0,1,2,0,0,0,0,0,0,0,0,0,0,0,0,0,0,0,0,1,0,0,0,0,0,0,0,1,0
601,2,3,1,0,0,1,0,0,3,0,1,0,0,3,3,0,1,3,0,1,2,2,3,1,2,2,4,0,0,0,0,0,0,0,0,1,0,0,0,0,0,0,0,0,0,0,0,0,0,1,0
602,2,0,0,0,0,0,0,0,1,0,0,0,1,2,0,0,0,2,2,3,2,2,3,2,5,6,3,4,0,0,0,0,0,0,0,0,0,0,0,0,1,0,0,0,0,0,0,0,0,1,0
603,5,0,0,0,0,0,0,0,0,2,0,0,0,0,0,0,0,0,0,2,0,0,2,0,0,0,1,0,0,0,0,0,0,0,0,0,0,0,0,0,0,0,0,1,0,0,1,0,0,0,0
604,2,0,1,1,0,1,0,0,0,0,0,0,2,3,0,0,0,2,0,2,3,3,0,0,5,4,3,7,1,0,0,0,0,0,1,0,0,0,0,0,0,0,0,0,0,0,0,0,0,1,0
605,1,1,1,1,0,1,1,0,1,0,1,0,0,3,3,3,0,2,0,3,3,3,3,2,2,7,0,0,1,0,0,0,0,0,0,0,1,0,0,0,0,0,0,0,0,0,0,0,0,1,0
606,2,0,1,0,0,1,1,0,3,3,1,2,1,2,2,0,0,3,1,2,0,2,2,3,0,6,0,4,1,0,0,0,0,0,0,0,0,0,0,0,0,0,0,0,1,0,0,0,0,1,0
607,2,0,0,0,0,1,1,0,3,1,2,1,1,2,1,1,1,1,0,1,1,1,1,1,0,0,0,0,1,1,0,0,0,0,0,0,0,0,0,0,0,0,0,0,0,0,1,0,0,0,0
608,2,0,1,1,1,1,1,0,2,0,1,0,0,2,2,0,0,1,0,2,2,3,2,2,7,5,1,3,1,0,0,0,0,0,0,0,0,0,0,0,0,0,1,0,0,0,0,0,0,1,0
609,2,0,1,1,0,0,1,0,2,0,0,3,2,1,0,0,0,0,0,1,0,1,2,0,7,5,3,1,0,0,0,0,1,0,0,0,0,0,0,0,0,0,0,0,0,0,0,1,0,0,0
610,6,0,1,0,0,0,1,0,1,0,0,0,0,0,0,0,0,0,3,0,0,1,3,0,3,3,1,8,0,0,0,0,0,0,0,0,0,0,0,0,0,0,0,1,0,0,1,0,0,0,0
611,2,5,1,0,0,1,1,0,2,1,3,1,1,2,2,1,0,2,3,2,1,2,3,1,7,10,4,7,-1,0,0,0,0,0,0,0,0,0,0,0,0,0,0,1,0,0,0,0,0,1,0
612,2,0,1,0,0,1,0,0,1,0,0,3,0,1,1,1,0,2,1,3,1,1,3,0,3,2,3,0,1,0,0,0,0,0,0,0,0,0,0,0,1,0,0,0,0,0,0,0,0,1,0
613,2,0,1,0,0,0,0,0,2,0,1,0,0,1,1,0,0,0,1,2,0,0,3,1,5,1,1,9,1,0,0,0,0,0,0,0,0,0,0,0,0,0,0,1,0,1,0,0,0,0,0
614,2,1,1,0,0,0,0,0,0,1,0,2,0,0,0,0,0,2,0,1,0,0,3,2,8,9,4,10,1,0,0,0,0,0,0,0,0,0,0,0,0,0,0,1,0,0,0,0,0,1,0
615,3,0,1,0,0,1,1,0,1,0,0,2,0,2,1,0,0,0,3,2,2,2,3,2,4,8,0,0,1,0,0,0,0,0,0,0,0,0,0,1,0,0,0,0,0,0,0,0,0,1,0
616,2,0,1,0,0,1,1,0,1,1,1,1,0,2,2,1,2,2,3,3,2,2,3,1,7,9,7,0,1,0,0,0,0,0,0,0,0,0,0,0,0,0,0,1,0,0,0,0,0,1,0
617,1,1,1,1,0,1,0,0,2,2,2,0,0,0,0,1,0,1,3,3,0,1,3,0,1,5,6,4,0,0,0,0,0,0,0,0,0,0,0,0,0,0,0,1,0,0,0,0,0,1,0
618,2,0,0,0,0,1,1,0,1,0,2,1,0,0,2,1,0,1,1,2,1,0,2,3,3,2,1,0,0,0,0,0,0,0,0,1,0,0,0,0,0,0,0,0,0,0,0,0,0,0,1
619,2,1,1,1,1,1,1,0,1,1,1,1,0,2,3,0,2,1,3,1,2,1,3,1,6,8,0,0,1,0,0,0,0,0,0,1,0,0,0,0,0,0,0,0,0,0,0,0,0,1,0
620,1,1,1,0,0,0,0,0,1,1,0,1,0,1,1,0,0,1,3,2,0,2,3,3,6,3,6,0,1,0,0,0,0,0,0,0,0,0,0,0,0,0,0,1,0,0,0,0,0,0,1
621,1,2,1,1,1,1,1,0,2,0,0,1,0,1,2,0,0,1,3,2,0,2,3,2,7,4,8,0,1,0,0,0,0,0,0,0,0,0,0,1,0,0,0,0,0,0,0,0,0,1,0
622,3,3,1,0,0,1,0,0,0,0,1,0,0,2,0,0,0,0,3,3,3,1,2,0,2,6,9,1,0,0,0,0,0,0,0,0,0,0,0,1,0,0,0,0,0,0,0,0,0,1,0
623,3,1,1,0,0,1,1,0,1,2,2,1,0,3,0,0,3,2,1,3,1,3,2,1,8,5,3,8,1,0,0,0,0,0,1,0,0,0,0,0,0,0,0,0,0,0,0,0,0,1,0
624,5,2,1,0,1,1,1,0,3,2,2,3,0,2,1,0,1,0,1,1,1,1,3,1,3,3,0,0,1,0,0,0,0,0,0,0,0,0,0,0,0,0,0,1,0,0,1,0,0,0,0
625,2,1,1,0,0,0,1,0,0,0,1,1,0,2,0,1,0,3,2,3,2,3,2,2,7,5,3,3,1,0,0,0,0,0,0,0,0,0,0,0,0,0,1,0,0,0,0,0,0,1,0
626,2,1,1,0,0,1,1,0,2,3,1,3,0,2,0,0,0,1,2,3,2,2,3,1,4,8,2,3,1,0,0,0,0,0,0,0,0,0,0,0,0,0,0,1,0,0,0,0,0,0,1
627,2,0,1,1,0,0,0,0,3,0,0,0,0,0,0,0,0,0,0,0,0,0,0,1,3,0,0,5,1,1,0,0,0,0,0,0,0,0,0,0,0,0,0,0,0,0,1,0,0,0,0
628,1,1,1,0,0,1,1,0,1,0,2,1,0,1,0,1,0,0,3,2,2,2,3,1,10,7,3,2,1,0,0,0,0,0,0,0,0,0,0,1,0,0,0,0,0,0,0,0,0,1,0
629,2,0,0,0,0,1,1,0,2,2,1,3,1,1,3,0,0,0,0,3,1,1,3,0,10,4,8,0,1,0,0,0,0,0,0,0,0,0,0,0,0,0,0,1,0,0,0,0,0,1,0
630,2,0,1,1,0,0,1,0,2,0,1,2,1,0,1,0,2,2,1,3,2,0,3,3,2,2,0,0,1,0,0,0,0,0,0,0,0,0,0,0,0,0,0,0,1,0,0,0,0,0,1
631,2,2,1,0,0,1,0,0,0,1,2,3,0,1,1,0,2,2,0,1,1,1,3,2,8,7,7,3,1,0,0,0,1,0,0,0,0,0,0,0,0,0,0,0,0,0,0,0,0,1,0
632,2,0,0,0,0,0,0,0,1,0,0,0,0,1,1,1,0,0,3,3,0,0,3,2,10,5,2,8,1,0,0,0,0,0,0,0,0,0,0,0,0,0,0,1,0,0,0,0,0,1,0
633,3,0,1,0,0,1,0,0,3,1,2,1,0,1,1,1,1,2,2,2,0,3,3,3,9,10,10,6,0,0,0,0,0,0,0,0,0,0,0,0,0,0,0,1,0,0,0,0,0,1,0
634,2,1,1,1,0,1,0,0,1,2,0,0,0,0,1,0,0,0,3,0,0,0,3,2,5,2,1,6,1,0,0,0,0,0,0,0,0,0,0,1,0,0,0,0,0,0,0,0,0,0,1
635,5,3,1,1,1,0,0,0,3,0,0,0,0,0,1,0,0,0,1,1,0,0,1,0,4,8,9,1,1,1,0,0,0,0,0,0,0,0,0,0,0,0,0,0,0,0,1,0,0,0,0
636,4,0,1,0,0,1,1,0,2,1,0,0,1,1,0,2,2,1,3,3,2,0,3,3,7,8,5,3,1,0,0,0,0,0,0,0,0,0,0,1,0,0,0,0,0,0,0,0,0,1,0
637,2,0,1,0,0,1,1,0,1,2,3,2,0,2,1,0,2,1,1,2,1,2,3,0,2,2,0,3,0,0,0,1,0,0,0,0,0,0,0,0,0,0,0,0,0,0,0,0,0,1,0
638,1,4,1,0,1,1,1,0,1,2,1,1,0,3,0,3,1,2,3,3,2,3,3,2,10,3,0,4,1,0,0,0,0,0,0,0,1,0,0,0,0,0,0,0,0,0,0,0,0,1,0
639,3,0,0,0,0,0,0,0,1,0,1,0,0,0,0,0,0,0,2,0,0,1,1,1,10,10,10,9,1,0,0,0,0,0,0,0,0,0,0,1,0,0,0,0,0,0,1,0,0,0,0
640,2,2,1,0,0,1,1,0,2,2,1,2,0,2,2,2,1,1,1,2,2,2,2,1,3,7,7,4,0,0,0,0,1,0,0,0,0,0,0,0,0,0,0,0,0,0,0,0,0,1,0
641,3,1,1,0,0,1,1,0,1,0,3,0,1,2,0,3,0,0,1,3,2,2,2,0,7,5,7,7,1,0,0,1,0,0,0,0,0,0,0,0,0,0,0,0,0,1,0,0,0,0,0
642,3,0,1,0,0,0,1,0,1,2,0,3,0,1,1,0,0,0,3,3,3,1,3,2,7,4,8,8,1,0,0,0,0,0,0,0,0,0,0,1,0,0,0,0,0,0,0,0,0,1,0
643,4,0,0,1,0,1,1,0,3,1,0,0,0,0,2,0,1,0,1,2,1,1,2,0,7,9,4,5,1,1,0,0,0,0,0,0,0,0,0,0,0,0,0,0,0,0,0,1,0,0,0
644,1,1,1,0,0,1,1,0,2,0,3,0,0,0,0,1,0,0,0,0,0,0,0,2,4,7,1,3,1,0,0,1,0,0,0,0,0,0,0,0,0,0,0,0,0,0,0,1,0,0,0
645,3,0,0,0,0,1,0,0,2,1,0,2,0,1,1,1,1,0,3,2,1,1,3,0,5,9,9,6,1,0,0,0,0,0,0,0,0,0,0,1,0,0,0,0,0,0,0,0,0,0,1
646,2,0,1,0,0,1,0,0,2,0,3,1,0,1,1,1,2,1,2,3,3,1,2,2,5,4,10,7,0,0,0,0,0,0,0,0,0,0,0,0,1,0,0,0,0,0,0,0,0,0,1
647,3,1,1,0,0,0,0,0,1,1,1,1,0,3,1,1,1,1,1,3,3,2,2,1,7,2,0,1,1,0,0,0,0,0,0,0,0,0,0,0,1,0,0,0,0,0,0,0,0,0,1
648,2,2,1,0,0,1,1,0,0,3,3,3,2,2,1,1,1,2,2,3,2,2,3,2,8,6,0,2,1,0,0,0,1,0,0,0,0,0,0,0,0,0,0,0,0,0,0,0,0,1,0
649,2,1,0,0,0,1,0,0,1,3,0,3,1,2,2,0,0,1,3,1,1,2,3,1,1,3,10,0,0,0,0,0,0,0,0,0,0,0,0,1,0,0,0,0,0,0,0,0,0,1,0
650,4,0,1,0,0,1,0,0,0,0,0,0,0,1,0,0,0,0,2,2,1,1,2,0,8,10,10,2,-1,0,0,0,0,0,0,0,0,0,0,0,0,0,0,1,0,0,0,0,0,1,0
651,2,2,1,1,0,1,1,0,2,1,1,3,0,3,3,0,1,1,2,2,2,3,3,1,4,7,6,0,0,0,0,0,1,0,0,0,0,0,0,0,0,0,0,0,0,0,0,0,0,1,0
652,2,1,0,0,0,0,1,0,0,0,2,0,0,2,2,2,2,1,0,3,2,2,2,2,9,6,3,0,0,0,0,0,0,0,0,0,0,0,0,0,1,0,0,0,0,0,0,0,0,1,0
653,2,1,1,0,0,1,0,0,0,1,0,0,0,1,0,0,0,1,2,3,1,1,3,3,10,7,4,4,1,0,0,0,0,0,0,0,0,0,0,0,0,0,0,1,0,0,0,0,0,1,0
654,4,0,0,0,0,0,0,0,1,0,0,0,0,1,0,0,0,0,0,2,1,1,2,0,1,2,2,0,0,0,0,0,0,0,0,0,0,0,0,0,0,0,0,1,0,0,1,0,0,0,0
655,2,5,1,1,1,1,0,0,2,1,0,2,1,1,1,0,1,0,3,3,1,1,3,3,7,10,0,8,1,0,0,0,0,0,0,0,0,0,0,0,0,0,0,1,0,0,1,0,0,0,0
656,2,0,0,0,0,0,0,0,0,0,0,0,0,0,0,2,0,0,0,2,0,0,0,0,10,2,1,10,-1,0,0,0,0,0,0,0,0,0,0,0,1,0,0,0,0,0,1,0,0,0,0
657,3,0,1,0,0,0,0,0,1,1,0,1,0,0,0,0,0,0,0,2,0,0,2,0,2,1,2,2,1,0,0,0,0,0,0,0,0,0,0,0,0,0,0,1,0,0,1,0,0,0,0
658,2,1,1,0,0,1,1,0,3,0,0,3,0,3,3,0,1,3,1,3,3,3,2,1,3,10,0,0,0,0,0,0,0,0,0,0,0,0,0,0,0,1,0,0,0,0,0,0,0,0,1
659,2,5,0,0,0,1,1,0,0,2,1,2,2,2,2,1,0,0,2,3,2,2,3,2,7,10,2,0,1,0,0,0,0,0,0,0,0,0,0,0,0,0,0,1,0,1,0,0,0,0,0
660,1,1,1,1,1,0,0,0,0,1,3,0,0,0,1,0,0,1,3,2,0,0,3,2,4,2,0,0,1,0,0,0,0,0,0,0,0,0,0,1,0,0,0,0,0,0,0,0,0,1,0
661,2,1,1,0,0,0,0,0,1,1,1,1,1,1,1,1,0,0,0,2,2,2,2,1,4,2,5,3,1,0,0,0,0,0,0,0,0,0,0,0,0,1,0,0,0,0,0,0,0,1,0
662,3,0,1,0,0,1,1,0,2,2,2,2,0,1,0,3,1,0,3,1,1,2,3,1,6,8,7,0,1,0,0,0,0,0,0,0,0,0,0,1,0,0,0,0,0,0,0,0,0,1,0
663,2,1,0,0,0,1,1,0,2,3,2,3,1,2,2,0,0,2,3,3,1,1,3,3,8,6,4,0,1,0,0,0,1,0,0,0,0,0,0,0,0,0,0,0,0,0,0,0,0,0,1
664,2,0,1,1,1,1,0,0,2,1,0,1,0,0,1,1,0,0,0,3,0,0,3,2,2,2,0,0,0,0,0,0,0,0,0,0,0,0,0,0,0,0,0,1,0,0,0,1,0,0,0
665,3,1,1,0,0,1,1,0,1,0,3,1,0,1,1,0,0,3,3,1,1,1,3,3,8,7,9,3,1,0,0,0,0,0,0,0,0,0,0,0,0,0,0,1,0,0,0,0,0,1,0
666,1,1,1,1,0,0,0,0,2,0,0,0,0,0,0,0,0,1,3,0,0,0,3,1,4,3,5,0,0,0,0,0,0,0,0,0,0,0,0,0,0,0,0,1,0,0,0,0,0,1,0
667,2,0,1,0,0,1,1,0,1,1,2,2,0,0,0,0,1,3,1,3,1,1,3,2,6,1,0,4,0,0,0,0,0,0,0,0,0,0,0,0,0,0,0,1,0,0,0,0,0,1,0
668,2,0,1,0,0,1,1,0,0,0,0,0,0,2,1,1,0,1,0,3,3,2,1,1,6,6,3,6,1,0,0,0,0,0,0,0,0,0,0,0,1,0,0,0,0,0,0,0,0,1,0
669,2,0,1,0,0,1,1,0,2,0,1,0,2,0,1,3,0,2,0,3,2,0,1,0,8,7,1,1,0,0,0,0,0,0,0,0,1,0,0,0,0,0,0,0,0,0,0,0,0,1,0
670,2,0,1,0,0,1,1,0,0,1,0,1,0,1,1,1,0,2,0,3,1,1,2,1,5,3,4,1,1,0,0,0,0,0,0,0,0,0,0,0,1,0,0,0,0,0,0,0,0,0,1
671,1,0,1,0,0,0,0,0,3,0,0,0,0,0,0,0,0,0,0,1,0,1,0,3,6,2,4,3,1,0,0,0,0,0,0,0,0,0,0,0,0,0,0,0,1,0,0,0,0,1,0
672,2,4,1,1,1,1,1,0,1,1,2,1,1,3,2,1,1,3,3,3,2,3,3,3,5,6,6,0,1,0,0,0,0,0,0,0,0,0,0,1,0,0,0,0,0,0,0,0,0,1,0
673,3,4,1,1,1,1,1,0,3,0,0,3,1,1,3,1,1,2,2,2,2,1,2,2,6,10,8,1,1,0,0,0,0,0,0,1,0,0,0,0,0,0,0,0,0,0,0,0,0,1,0
674,1,2,1,1,0,1,0,0,3,1,1,2,1,3,3,0,1,3,2,2,3,3,3,2,7,3,9,7,1,0,0,0,0,0,0,0,0,0,0,0,0,0,0,1,0,0,0,0,0,1,0
675,2,0,1,1,0,1,1,0,3,1,3,3,2,2,3,0,1,2,1,3,1,2,2,2,4,6,0,0,0,1,0,0,0,0,0,0,0,0,0,0,0,0,0,0,0,0,0,0,0,1,0
676,1,0,1,0,0,1,1,0,3,2,0,3,2,1,3,0,2,2,0,3,1,0,2,1,9,4,0,1,1,0,0,0,1,0,0,0,0,0,0,0,0,0,0,0,0,0,0,0,0,1,0
677,2,1,0,0,0,1,1,0,2,0,0,1,0,3,0,0,0,2,1,2,2,3,1,2,9,7,7,5,1,0,0,0,0,0,0,0,0,0,0,0,0,0,1,0,0,0,0,0,0,1,0
678,1,0,0,0,1,1,0,0,2,2,2,3,1,2,2,0,0,0,2,2,2,2,3,2,5,10,2,7,0,0,0,0,0,0,0,0,0,0,0,0,0,0,0,1,0,0,0,0,0,0,1
679,4,1,1,0,0,0,1,0,3,3,2,0,0,1,0,3,2,0,0,1,2,0,0,0,1,0,1,0,1,0,1,0,0,0,0,0,0,0,0,0,0,0,0,0,0,0,0,0,0,0,1
680,2,1,0,0,0,1,1,0,1,0,1,0,2,3,0,3,0,1,0,3,3,3,0,0,8,7,2,6,1,0,0,0,0,0,0,0,0,0,0,0,0,1,0,0,0,0,0,0,0,1,0
681,2,0,0,0,0,0,1,0,0,0,1,0,0,3,0,3,0,2,0,2,2,1,1,0,5,1,4,0,1,0,0,0,0,0,0,0,1,0,0,0,0,0,0,0,0,0,0,0,0,1,0
682,2,2,1,1,0,1,1,0,3,2,1,0,0,2,1,2,3,2,0,3,2,1,2,0,10,6,0,0,1,0,0,0,0,0,0,0,0,1,0,0,0,0,0,0,0,1,0,0,0,0,0
683,2,0,1,0,0,1,0,0,0,0,0,0,0,2,0,3,0,0,0,3,3,3,0,0,7,5,5,5,1,0,0,0,0,0,0,0,0,0,0,0,0,1,0,0,0,1,0,0,0,0,0
684,2,2,1,0,0,1,1,0,3,1,0,0,1,3,3,1,0,2,0,2,2,2,1,1,3,1,0,3,1,0,0,0,0,0,1,0,0,0,0,0,0,0,0,0,0,0,0,0,0,1,0
685,2,0,1,0,0,1,1,0,1,0,1,0,0,2,1,1,0,2,0,2,1,3,0,1,5,8,7,4,1,0,0,0,0,0,0,0,0,0,0,0,0,0,1,0,0,0,0,0,0,1,0
686,2,0,1,0,0,0,0,0,2,2,1,1,1,2,2,1,1,3,0,1,1,1,1,1,2,0,0,5,0,1,0,0,0,0,0,0,0,0,0,0,0,0,0,0,0,0,1,0,0,0,0
687,2,0,0,1,0,0,0,0,3,0,2,0,0,2,1,0,0,0,0,2,0,1,0,1,7,0,0,0,0,1,0,0,0,0,0,0,0,0,0,0,0,0,0,0,0,0,1,0,0,0,0
688,2,1,1,0,0,0,0,0,0,1,0,0,0,3,0,0,0,3,0,2,3,2,0,0,8,0,0,2,0,0,0,0,0,0,0,0,0,0,0,0,0,1,0,0,0,0,0,0,0,1,0
689,2,2,1,0,0,1,1,0,1,0,0,1,0,2,0,2,2,2,0,3,3,3,0,1,4,1,1,0,1,0,0,0,0,0,0,0,0,0,0,0,0,1,0,0,0,0,0,0,0,1,0
690,2,1,1,0,0,1,0,0,2,0,1,0,0,3,1,1,0,2,0,3,3,3,0,1,3,8,0,2,1,0,0,0,0,0,1,0,0,0,0,0,0,0,0,0,0,0,0,0,0,1,0
691,1,1,1,0,0,1,0,0,2,0,0,0,0,3,0,0,0,3,0,2,0,3,0,0,7,0,2,2,1,0,0,0,0,0,1,0,0,0,0,0,0,0,0,0,0,0,0,0,0,1,0
692,2,1,1,0,0,1,1,0,1,1,3,1,1,1,1,1,0,3,2,2,2,2,2,3,10,8,10,0,1,0,0,0,0,0,0,0,0,0,0,0,0,0,0,0,1,0,0,0,0,1,0
693,2,0,1,1,1,1,0,0,0,1,0,2,1,1,0,2,0,2,0,3,1,2,2,0,7,1,1,1,1,0,0,0,0,0,0,0,0,0,0,0,1,0,0,0,0,0,0,0,0,0,1
694,2,0,1,1,0,1,1,0,1,0,2,0,0,0,0,2,0,0,1,3,0,1,2,2,5,9,1,7,0,0,0,0,0,0,0,0,0,0,0,0,1,0,0,0,0,0,0,0,0,1,0
695,10,10,1,1,1,0,0,0,0,0,1,1,0,3,2,0,0,1,1,1,2,3,1,0,0,0,0,0,0,0,0,0,0,0,0,0,0,0,0,0,0,0,1,0,0,0,0,0,0,1,0
696,2,2,1,1,1,1,1,0,3,2,0,2,0,3,1,3,3,3,0,3,3,3,3,2,10,6,3,8,1,0,0,0,0,0,0,0,0,0,0,0,0,1,0,0,0,0,0,0,0,1,0
697,1,1,0,1,0,1,1,0,1,0,0,1,0,2,2,0,2,0,0,0,2,2,3,0,7,3,3,5,1,0,0,0,0,0,0,0,0,0,0,0,0,0,0,1,0,0,0,0,0,1,0
698,1,1,1,1,1,1,1,0,2,3,0,0,0,1,2,3,1,2,0,3,1,1,2,0,2,0,0,2,1,0,1,0,0,0,0,0,0,0,0,0,0,0,0,0,0,0,0,0,0,1,0
699,1,3,1,0,0,0,1,0,1,0,0,1,0,0,0,1,1,0,3,2,1,1,3,0,10,10,10,8,1,0,0,0,0,0,0,0,0,0,0,1,0,0,0,0,0,0,0,0,0,1,0
700,2,0,1,0,0,0,1,0,2,1,1,1,1,2,1,0,0,1,1,3,1,2,1,3,8,9,6,5,-1,0,0,0,0,0,0,0,0,0,0,0,1,0,0,0,0,0,0,0,0,0,1
701,3,0,1,1,0,1,1,0,2,1,1,1,1,1,1,2,0,2,2,3,1,1,3,2,9,7,8,4,1,0,0,0,0,0,0,0,0,0,0,0,0,0,0,1,0,0,0,0,0,0,1
702,4,0,1,0,0,1,0,0,2,2,0,2,0,1,2,0,0,0,1,2,1,1,2,2,6,4,5,0,1,0,0,0,1,0,0,0,0,0,0,0,0,0,0,0,0,0,0,0,0,1,0
703,4,0,0,0,0,0,0,0,1,3,0,3,1,2,0,0,0,0,0,1,1,2,2,0,8,5,9,4,1,0,0,0,1,0,0,0,0,0,0,0,0,0,0,0,0,0,0,0,0,0,1
704,2,0,1,1,0,1,1,0,0,1,1,0,0,0,0,0,0,0,3,1,0,2,3,1,3,7,0,0,1,0,0,0,0,0,0,0,0,0,0,1,0,0,0,0,0,0,0,0,0,1,0
705,2,1,1,1,0,1,0,0,2,2,0,1,0,0,0,0,0,2,0,3,0,0,0,0,9,1,0,9,1,0,0,0,0,0,0,0,0,0,0,0,1,0,0,0,0,0,0,0,0,1,0
706,2,0,1,1,0,1,1,0,1,1,2,2,0,2,1,1,0,2,2,3,2,2,3,3,8,6,1,4,1,0,0,0,0,0,0,0,0,0,0,0,0,0,0,1,0,0,0,0,0,1,0
707,2,0,0,0,0,1,0,0,2,3,2,1,0,1,0,0,0,0,1,2,0,0,2,1,4,1,1,6,1,0,1,0,0,0,0,0,0,0,0,0,0,0,0,0,0,0,0,0,0,1,0
708,2,1,1,0,0,1,1,0,2,0,0,0,0,1,2,0,0,1,1,1,1,1,2,3,6,5,3,1,0,0,0,0,0,0,0,0,0,0,0,0,0,0,0,0,1,0,0,0,0,1,0
709,3,1,1,1,1,1,0,0,2,1,1,2,0,3,3,0,2,3,1,3,3,3,2,3,7,8,6,5,1,0,0,0,0,0,1,0,0,0,0,0,0,0,0,0,0,0,0,0,0,1,0
710,1,3,1,1,1,1,0,0,3,0,1,2,0,0,1,1,1,1,1,2,1,0,3,2,8,9,5,10,1,0,0,0,0,0,0,0,0,0,0,0,0,0,0,1,0,0,0,0,0,1,0
711,2,2,1,0,0,1,1,0,0,0,3,0,0,1,0,0,0,0,3,1,0,1,3,2,8,6,7,0,1,0,0,0,0,0,0,0,0,0,0,1,0,0,0,0,0,0,0,0,0,1,0
712,2,1,1,0,0,0,0,0,0,0,0,1,0,0,2,0,0,1,0,2,1,0,3,0,10,5,2,0,1,0,0,0,0,0,0,0,0,0,0,0,0,0,0,1,0,0,1,0,0,0,0
713,1,3,1,0,0,1,1,0,1,0,3,0,0,2,1,0,0,3,0,3,0,1,1,3,5,2,4,7,0,0,0,0,0,0,0,0,0,0,0,0,1,0,0,0,0,0,0,0,0,0,1
714,3,0,0,0,0,1,0,0,2,3,0,2,2,2,1,0,1,0,1,2,1,1,3,0,9,3,2,0,0,0,1,0,0,0,0,0,0,0,0,0,0,0,0,0,0,1,0,0,0,0,0
715,2,1,1,1,1,0,0,0,1,2,0,2,2,1,2,0,0,0,0,2,2,1,2,0,4,6,3,4,1,0,0,0,0,0,0,0,0,0,0,0,1,0,0,0,0,0,0,0,0,1,0
716,1,0,0,0,0,1,1,0,2,0,0,1,0,1,1,1,2,1,3,2,0,1,3,1,9,8,4,0,1,0,0,0,0,0,0,0,0,0,0,1,0,0,0,0,0,0,0,0,0,1,0
717,2,0,0,0,0,1,1,0,1,0,1,1,0,2,0,1,1,1,3,2,2,2,3,0,5,7,10,2,0,0,0,0,0,0,0,0,0,0,0,0,0,0,0,1,0,0,0,0,0,1,0
718,1,0,1,1,0,1,1,0,1,0,1,2,0,0,0,0,3,3,3,2,0,0,3,3,8,3,9,2,0,0,0,0,0,0,0,0,0,0,0,1,0,0,0,0,0,0,0,0,0,1,0
719,2,1,1,0,0,1,1,0,1,1,2,2,0,1,2,1,1,1,2,3,1,1,2,3,10,10,6,8,1,0,0,0,0,0,0,0,0,0,0,0,0,0,0,0,1,0,0,0,0,1,0
720,1,2,1,0,0,1,0,0,1,2,3,0,2,3,0,2,0,2,1,3,3,3,1,1,7,7,5,5,1,0,0,0,0,0,1,0,0,0,0,0,0,0,0,0,0,0,0,0,0,1,0
721,2,2,1,1,0,1,1,0,3,2,1,0,1,1,1,3,2,3,1,3,1,1,2,1,10,8,1,0,1,0,0,0,0,0,0,0,0,0,0,0,1,0,0,0,0,0,0,0,0,1,0
722,2,1,1,0,0,1,1,0,2,1,2,0,0,2,2,1,1,2,2,3,2,2,2,2,8,6,2,0,1,0,0,0,0,0,0,0,0,0,0,0,1,0,0,0,0,0,0,0,0,1,0
723,1,2,1,0,0,1,1,0,1,1,2,1,0,3,2,3,3,1,0,3,3,3,0,0,10,7,6,10,1,0,0,0,0,0,0,0,0,0,0,0,1,0,0,0,0,0,0,0,0,1,0
724,2,2,1,0,0,1,1,0,1,1,1,0,0,2,2,2,1,2,0,3,1,1,1,2,6,6,8,0,1,0,0,0,0,0,0,0,0,0,0,0,1,0,0,0,0,0,0,0,0,1,0
725,1,0,1,0,0,1,0,0,1,2,0,1,0,3,1,1,1,3,3,3,0,2,2,3,10,10,8,4,-1,0,0,0,0,0,0,0,0,0,0,0,0,0,0,0,1,0,0,0,0,1,0
726,2,7,1,0,0,1,0,0,2,1,3,0,1,2,2,0,0,2,2,1,2,2,2,2,9,8,5,10,1,0,0,1,0,0,0,0,0,0,0,0,0,0,0,0,0,1,0,0,0,0,0
727,2,0,1,0,0,1,1,0,2,1,2,3,0,0,1,0,0,1,3,1,0,0,0,1,0,0,0,0,0,0,0,0,0,0,0,0,0,0,0,1,0,0,0,0,0,0,0,0,0,0,1
728,1,2,1,1,0,1,0,0,1,3,2,2,3,2,0,0,0,1,2,3,2,2,3,1,7,3,1,2,1,0,1,0,0,0,0,0,0,0,0,0,0,0,0,0,0,0,0,1,0,0,0
729,2,0,0,0,0,1,0,0,0,1,2,0,0,2,1,2,0,3,0,3,2,2,3,0,6,2,2,0,1,0,0,0,0,0,0,0,0,0,0,0,1,0,0,0,0,0,1,0,0,0,0
730,2,0,1,0,0,1,1,0,2,0,2,1,0,0,2,3,0,2,1,2,3,2,2,2,7,6,4,6,1,0,0,0,0,0,0,0,0,0,0,0,0,1,0,0,0,0,0,0,0,1,0
731,1,0,1,1,0,1,1,0,3,1,0,2,0,2,1,0,2,1,1,3,0,1,3,0,7,6,0,9,1,0,0,0,0,0,0,0,0,0,0,0,0,0,0,1,0,0,0,0,0,1,0
732,2,0,1,1,0,1,1,0,1,1,0,0,0,0,1,0,0,1,0,3,0,0,2,2,3,2,2,5,1,0,0,0,0,0,0,0,0,0,0,0,1,0,0,0,0,0,0,0,0,1,0
733,2,2,1,0,1,1,0,0,1,2,2,1,1,3,1,1,1,2,1,2,2,2,1,1,2,2,2,2,1,0,0,0,0,0,0,0,0,0,0,0,0,0,1,0,0,0,0,1,0,0,0
734,2,2,1,1,0,0,0,0,3,0,0,0,0,0,1,0,0,0,0,0,0,0,0,2,2,3,2,1,1,1,0,0,0,0,0,0,0,0,0,0,0,0,0,0,0,0,0,0,0,1,0
735,3,0,1,0,0,1,1,0,2,1,3,2,1,3,3,2,0,1,0,2,3,3,3,1,2,2,2,5,1,0,0,0,0,0,1,0,0,0,0,0,0,0,0,0,0,0,0,0,0,0,1
